Row Labels,Sum of Nitric oxide,Sum of Nitrogen dioxide,Sum of Nitrogen oxides as nitrogen dioxide
01/01/2012,33,732,789
02/01/2012,85,771,904
03/01/2012,97,679,835
04/01/2012,161,865,1116
05/01/2012,1306,1233,3234
06/01/2012,601,1237,2163
07/01/2012,630,1256,2230
08/01/2012,539,1294,2122
09/01/2012,357,1280,1833
10/01/2012,240,1070,1446
11/01/2012,338,1109,1633
12/01/2012,1134,1340,3082
13/01/2012,1689,1636,4224
14/01/2012,2220,1881,5288
15/01/2012,1396,1509,3652
16/01/2012,2493,1904,5728
17/01/2012,2532,1954,5835
18/01/2012,439,1178,1853
19/01/2012,532,1306,2129
20/01/2012,484,1480,2219
21/01/2012,452,1160,1854
22/01/2012,836,1270,2557
23/01/2012,753,1860,3021
24/01/2012,1171,1667,3464
25/01/2012,284,1009,1447
26/01/2012,277,1047,1471
27/01/2012,497,1215,1977
28/01/2012,1274,1331,3284
29/01/2012,825,1140,2406
30/01/2012,1319,1443,3462
31/01/2012,1240,1425,3330
01/02/2012,747,1316,2459
02/02/2012,850,1387,2690
03/02/2012,1821,1783,4581
04/02/2012,912,1538,2941
05/02/2012,853,1425,2735
06/02/2012,2015,1851,4939
07/02/2012,1197,1317,3155
08/02/2012,932,1498,2932
09/02/2012,1278,1619,3574
10/02/2012,1314,1648,3663
11/02/2012,1568,1982,4385
12/02/2012,2304,2072,5602
13/02/2012,1802,1872,4637
14/02/2012,1685,1780,4363
15/02/2012,1661,1791,4337
16/02/2012,940,1864,3303
17/02/2012,445,1500,2186
18/02/2012,343,1046,1576
19/02/2012,1241,1740,3639
20/02/2012,494,1529,2294
21/02/2012,146,1020,1250
22/02/2012,110,919,1090
23/02/2012,530,1287,2100
24/02/2012,474,1274,2004
25/02/2012,1042,1608,3206
26/02/2012,543,1527,2364
27/02/2012,42,314,382
28/02/2012,161,492,740
29/02/2012,223,1026,1373
01/03/2012,1409,1880,4039
02/03/2012,1267,1618,3560
03/03/2012,283,1170,1608
04/03/2012,711,1339,2435
05/03/2012,770,1273,2454
06/03/2012,845,1561,2853
07/03/2012,825,1437,2706
08/03/2012,728,1716,2834
09/03/2012,171,1337,1603
10/03/2012,708,1394,2483
11/03/2012,748,1365,2516
12/03/2012,1528,1400,3736
13/03/2012,824,1291,2558
14/03/2012,853,1320,2629
15/03/2012,1862,1596,4455
16/03/2012,84,982,1120
17/03/2012,102,1068,1231
18/03/2012,469,1427,2152
19/03/2012,575,1692,2575
20/03/2012,581,1665,2559
21/03/2012,548,1582,2422
22/03/2012,1015,1766,3320
23/03/2012,1776,1941,4662
24/03/2012,1306,1602,3598
25/03/2012,484,1225,1970
26/03/2012,933,1531,2964
27/03/2012,954,1906,3366
28/03/2012,1836,2303,5118
29/03/2012,1903,2319,5236
30/03/2012,949,1711,3169
31/03/2012,518,1277,2071
01/04/2012,545,1328,2159
02/04/2012,1177,2013,3821
03/04/2012,430,1592,2252
04/04/2012,396,1225,1834
05/04/2012,519,1325,2129
06/04/2012,834,1654,2935
07/04/2012,581,1351,2242
08/04/2012,208,1122,1444
09/04/2012,40,640,709
10/04/2012,144,894,1119
11/04/2012,662,1488,2511
12/04/2012,669,1753,2782
13/04/2012,472,1366,2089
14/04/2012,543,1332,2168
15/04/2012,507,1151,1932
16/04/2012,406,1190,1819
17/04/2012,171,1052,1322
18/04/2012,273,1237,1665
19/04/2012,449,1585,2271
20/04/2012,295,1367,1818
21/04/2012,221,1252,1593
22/04/2012,66,732,840
23/04/2012,310,1185,1665
24/04/2012,477,1414,2151
25/04/2012,219,1146,1490
26/04/2012,95,746,897
27/04/2012,305,1144,1613
28/04/2012,477,1222,1961
29/04/2012,219,813,1158
30/04/2012,239,1078,1449
01/05/2012,552,1186,2036
02/05/2012,1077,1837,3486
03/05/2012,1076,1924,3574
04/05/2012,857,1780,3097
05/05/2012,472,1314,2044
06/05/2012,302,1157,1622
07/05/2012,223,1139,1488
08/05/2012,149,1095,1330
09/05/2012,342,1251,1779
10/05/2012,151,812,1046
11/05/2012,497,1316,2083
12/05/2012,353,1386,1935
13/05/2012,86,999,1137
14/05/2012,98,1076,1228
15/05/2012,882,1740,3093
16/05/2012,748,1627,2780
17/05/2012,240,1384,1756
18/05/2012,394,1397,2008
19/05/2012,306,1163,1633
20/05/2012,392,1250,1860
21/05/2012,478,1445,2186
22/05/2012,427,1652,2315
23/05/2012,249,1441,1823
24/05/2012,332,1570,2082
25/05/2012,285,1401,1839
26/05/2012,105,1065,1229
27/05/2012,90,1130,1269
28/05/2012,224,1530,1878
29/05/2012,191,1352,1647
30/05/2012,140,1041,1258
31/05/2012,205,1173,1491
01/06/2012,333,1256,1768
02/06/2012,411,1477,2108
03/06/2012,312,1379,1855
04/06/2012,216,917,1251
05/06/2012,242,963,1341
06/06/2012,82,707,833
07/06/2012,181,966,1247
08/06/2012,75,615,732
09/06/2012,74,709,824
10/06/2012,116,891,1075
11/06/2012,554,1321,2171
12/06/2012,748,1550,2701
13/06/2012,260,1258,1657
14/06/2012,337,1352,1870
15/06/2012,67,761,865
16/06/2012,33,541,597
17/06/2012,27,512,560
18/06/2012,155,1021,1261
19/06/2012,139,1058,1273
20/06/2012,447,1687,2375
21/06/2012,242,1269,1647
22/06/2012,43,633,701
23/06/2012,43,568,642
24/06/2012,231,836,1197
25/06/2012,447,1212,1903
26/06/2012,99,778,925
27/06/2012,58,264,354
17/07/2012,79,314,436
18/07/2012,166,799,1059
19/07/2012,213,992,1325
20/07/2012,460,1104,1814
21/07/2012,259,1018,1415
22/07/2012,30,837,888
23/07/2012,105,1027,1199
24/07/2012,169,1530,1799
25/07/2012,333,1955,2473
26/07/2012,145,1608,1836
27/07/2012,581,1755,2650
28/07/2012,183,920,1201
29/07/2012,48,779,862
30/07/2012,107,815,985
31/07/2012,134,1016,1224
01/08/2012,211,1127,1460
02/08/2012,62,686,782
03/08/2012,114,815,993
04/08/2012,77,818,940
05/08/2012,64,788,889
06/08/2012,93,855,1006
07/08/2012,164,845,1097
08/08/2012,217,1041,1379
09/08/2012,527,1534,2348
10/08/2012,395,1646,2258
11/08/2012,369,1601,2172
12/08/2012,195,1047,1355
13/08/2012,140,845,1065
14/08/2012,90,818,958
15/08/2012,366,1233,1799
16/08/2012,64,733,834
17/08/2012,83,917,1050
18/08/2012,34,826,886
19/08/2012,218,984,1322
20/08/2012,82,920,1050
21/08/2012,197,989,1293
22/08/2012,67,863,972
23/08/2012,103,899,1061
24/08/2012,63,964,1068
25/08/2012,40,792,863
26/08/2012,132,720,927
27/08/2012,48,731,811
28/08/2012,52,754,839
29/08/2012,97,934,1087
30/08/2012,476,1178,1911
31/08/2012,520,1327,2124
01/09/2012,66,885,996
02/09/2012,90,836,977
03/09/2012,679,1518,2561
04/09/2012,747,1394,2538
05/09/2012,496,1451,2215
06/09/2012,699,1569,2645
07/09/2012,497,1796,2561
08/09/2012,732,1742,2868
09/09/2012,989,1565,3085
10/09/2012,52,722,803
11/09/2012,436,1302,1974
12/09/2012,312,1233,1715
13/09/2012,354,1248,1795
14/09/2012,717,1383,2478
15/09/2012,254,1285,1671
16/09/2012,33,772,835
17/09/2012,109,952,1118
18/09/2012,459,1371,2075
19/09/2012,614,1849,2794
20/09/2012,140,1279,1503
21/09/2012,481,1607,2348
22/09/2012,474,1284,2008
23/09/2012,436,1391,2061
24/09/2012,686,1254,2307
25/09/2012,135,944,1152
26/09/2012,688,1408,2472
27/09/2012,704,1804,2888
28/09/2012,171,1187,1457
29/09/2012,658,1723,2738
30/09/2012,72,858,972
01/10/2012,197,1084,1389
02/10/2012,129,888,1094
03/10/2012,255,1109,1503
04/10/2012,295,1235,1690
05/10/2012,432,1424,2086
06/10/2012,1385,1577,3697
07/10/2012,945,1403,2854
08/10/2012,1114,1582,3291
09/10/2012,835,1649,2934
10/10/2012,707,1618,2699
11/10/2012,1348,1428,3492
12/10/2012,234,1142,1507
13/10/2012,332,1504,2022
14/10/2012,636,1449,2432
15/10/2012,530,1322,2129
16/10/2012,208,1038,1362
17/10/2012,172,1072,1347
18/10/2012,183,1237,1524
19/10/2012,1146,1566,3323
20/10/2012,628,1415,2380
21/10/2012,712,1249,2343
22/10/2012,1212,1045,2905
23/10/2012,1468,1092,3344
24/10/2012,1581,1301,3726
25/10/2012,859,1266,2588
26/10/2012,677,1353,2395
27/10/2012,594,1264,2178
28/10/2012,208,1130,1450
29/10/2012,577,1639,2526
30/10/2012,520,1499,2299
31/10/2012,224,1182,1526
01/11/2012,278,1280,1713
02/11/2012,301,1363,1833
03/11/2012,235,1491,1853
04/11/2012,669,1762,2787
05/11/2012,1308,1838,3844
06/11/2012,1124,1806,3529
07/11/2012,432,1444,2112
08/11/2012,418,1596,2237
09/11/2012,281,1435,1862
10/11/2012,305,1493,1966
11/11/2012,724,1671,2785
12/11/2012,427,1532,2191
13/11/2012,279,1274,1705
14/11/2012,880,1507,2863
15/11/2012,1769,1546,4258
16/11/2012,808,1267,2506
17/11/2012,749,1318,2461
18/11/2012,474,1527,2251
19/11/2012,359,1291,1838
20/11/2012,186,1076,1363
21/11/2012,489,1533,2288
22/11/2012,133,892,1098
23/11/2012,406,1656,2283
24/11/2012,2492,2025,5846
25/11/2012,114,791,964
26/11/2012,755,1736,2900
27/11/2012,1171,1586,3386
28/11/2012,1233,1627,3518
29/11/2012,1746,1958,4641
30/11/2012,2428,2424,6146
01/12/2012,1634,1940,4441
02/12/2012,822,1938,3198
03/12/2012,505,1857,2635
04/12/2012,880,2073,3422
05/12/2012,1959,2192,5196
06/12/2012,855,1704,3018
07/12/2012,1264,1990,3935
08/12/2012,1258,1671,3598
09/12/2012,791,1604,2821
10/12/2012,1546,1666,4035
11/12/2012,3000,2049,6646
12/12/2012,4236,2765,9259
13/12/2012,2665,2003,6094
14/12/2012,822,1386,2642
15/12/2012,101,1261,1423
16/12/2012,100,1252,1412
17/12/2012,327,1563,2068
18/12/2012,1405,1822,3976
19/12/2012,1122,1657,3369
20/12/2012,768,1307,2490
21/12/2012,496,1635,2396
22/12/2012,292,1269,1720
23/12/2012,89,881,1019
24/12/2012,79,1039,1155
25/12/2012,63,682,784
26/12/2012,41,916,987
27/12/2012,622,1411,2369
28/12/2012,139,1097,1316
29/12/2012,38,827,889
30/12/2012,64,720,820
31/12/2012,22,833,873
01/01/2013,249,1441,1823
02/01/2013,411,1362,1993
03/01/2013,201,1158,1466
04/01/2013,409,1488,2116
05/01/2013,203,1233,1544
06/01/2013,192,1093,1387
07/01/2013,310,917,1393
08/01/2013,181,1025,1303
09/01/2013,1469,1637,3890
10/01/2013,2668,2041,6131
11/01/2013,2056,2041,5193
12/01/2013,1052,1601,3213
13/01/2013,1161,1392,3172
14/01/2013,779,1580,2775
15/01/2013,1678,1532,4104
16/01/2013,2500,1903,5736
17/01/2013,3448,2344,7631
18/01/2013,1121,1417,3135
19/01/2013,1021,1481,3046
20/01/2013,1045,1370,2972
21/01/2013,594,1498,2410
22/01/2013,2517,2265,6124
23/01/2013,1427,1766,3954
24/01/2013,1156,1847,3619
25/01/2013,732,1643,2766
26/01/2013,347,1430,1962
27/01/2013,75,796,911
28/01/2013,138,995,1207
29/01/2013,108,832,997
30/01/2013,131,955,1155
31/01/2013,137,916,1127
01/02/2013,924,1716,3132
02/02/2013,1088,1527,3195
03/02/2013,267,1381,1789
04/02/2013,454,1303,1999
05/02/2013,242,1144,1515
06/02/2013,1140,1392,3139
07/02/2013,1062,1560,3188
08/02/2013,1683,1705,4285
09/02/2013,325,1233,1732
10/02/2013,297,993,1448
11/02/2013,1213,1404,3265
12/02/2013,723,1060,2168
13/02/2013,474,1094,1820
14/02/2013,624,1242,2199
15/02/2013,1293,1941,3924
16/02/2013,655,1412,2415
17/02/2013,1049,1440,3048
18/02/2013,1299,1454,3446
19/02/2013,3552,2206,7652
20/02/2013,759,1280,2445
21/02/2013,622,1310,2264
22/02/2013,743,1244,2384
23/02/2013,596,1220,2135
24/02/2013,520,1146,1943
25/02/2013,791,1192,2405
26/02/2013,253,432,819
27/02/2013,698,1286,2357
28/02/2013,1099,1882,3567
01/03/2013,1059,1821,3444
02/03/2013,789,1648,2859
03/03/2013,1625,2157,4649
04/03/2013,1840,2249,5071
05/03/2013,2559,2444,6367
06/03/2013,2744,2620,6828
07/03/2013,3357,2515,7663
08/03/2013,2981,1822,6393
09/03/2013,1585,1204,3634
10/03/2013,474,1082,1809
11/03/2013,603,1119,2043
12/03/2013,879,1432,2779
13/03/2013,1566,2059,4460
14/03/2013,1105,1958,3651
15/03/2013,166,1104,1359
16/03/2013,115,807,983
17/03/2013,348,1289,1823
18/03/2013,1756,2344,5036
19/03/2013,936,1756,3191
20/03/2013,1301,1644,3639
21/03/2013,1072,2009,3653
22/03/2013,959,1782,3253
23/03/2013,747,1587,2733
24/03/2013,499,1296,2061
25/03/2013,677,1492,2531
26/03/2013,680,1559,2601
27/03/2013,790,1859,3071
28/03/2013,814,1801,3050
29/03/2013,410,1510,2138
30/03/2013,484,1436,2177
31/03/2013,334,1472,1984
01/04/2013,313,1154,1634
02/04/2013,521,1316,2115
03/04/2013,575,1385,2267
04/04/2013,654,1490,2493
05/04/2013,638,1440,2419
06/04/2013,478,1511,2245
07/04/2013,251,1517,1903
08/04/2013,609,1678,2612
09/04/2013,1072,1699,3343
10/04/2013,778,1326,2520
11/04/2013,956,1624,3090
12/04/2013,298,1414,1871
13/04/2013,119,873,1056
14/04/2013,50,355,431
15/04/2013,70,604,711
16/04/2013,91,676,816
17/04/2013,91,573,712
18/04/2013,94,588,731
19/04/2013,814,1543,2791
20/04/2013,371,1231,1800
21/04/2013,204,916,1229
22/04/2013,89,561,697
23/04/2013,500,1275,2042
24/04/2013,329,924,1428
25/04/2013,437,918,1588
26/04/2013,862,1359,2681
27/04/2013,560,1202,2060
28/04/2013,129,689,886
29/04/2013,606,1250,2179
30/04/2013,581,1206,2097
01/05/2013,557,1188,2042
02/05/2013,752,1603,2757
03/05/2013,638,1665,2643
04/05/2013,108,647,812
05/05/2013,119,708,891
06/05/2013,233,785,1142
07/05/2013,1032,2169,3751
08/05/2013,228,1066,1416
09/05/2013,74,441,554
10/05/2013,99,656,809
11/05/2013,126,720,913
12/05/2013,127,657,853
13/05/2013,118,687,867
14/05/2013,140,772,986
15/05/2013,189,878,1168
16/05/2013,515,1512,2301
17/05/2013,695,1676,2742
18/05/2013,481,1422,2159
19/05/2013,633,1655,2625
20/05/2013,817,1529,2782
21/05/2013,691,1324,2384
22/05/2013,743,1362,2502
23/05/2013,756,1402,2562
24/05/2013,733,1557,2681
25/05/2013,497,1392,2154
26/05/2013,340,1277,1798
27/05/2013,39,541,601
28/05/2013,300,1350,1811
29/05/2013,713,1574,2667
30/05/2013,709,1490,2577
31/05/2013,525,1742,2546
01/06/2013,458,1061,1763
02/06/2013,366,1071,1632
03/06/2013,300,1050,1510
04/06/2013,502,1029,1799
05/06/2013,415,1078,1714
06/06/2013,406,1079,1701
07/06/2013,452,1102,1796
08/06/2013,309,645,1119
09/06/2013,288,571,1013
10/06/2013,284,986,1419
11/06/2013,279,1132,1560
12/06/2013,129,590,789
13/06/2013,111,611,779
14/06/2013,115,622,799
15/06/2013,75,411,527
16/06/2013,80,465,588
17/06/2013,540,1435,2263
18/06/2013,473,1264,1989
19/06/2013,578,1649,2535
20/06/2013,302,1218,1681
21/06/2013,133,732,937
22/06/2013,61,382,475
23/06/2013,114,494,668
24/06/2013,480,1134,1870
25/06/2013,518,1318,2113
26/06/2013,709,1518,2605
27/06/2013,403,1061,1679
28/06/2013,529,903,1715
29/06/2013,430,981,1641
30/06/2013,188,570,859
01/07/2013,233,825,1182
02/07/2013,207,880,1197
03/07/2013,487,819,1565
04/07/2013,234,675,1035
05/07/2013,221,1081,1420
06/07/2013,205,1263,1577
07/07/2013,151,1102,1333
08/07/2013,244,940,1314
09/07/2013,413,1032,1665
10/07/2013,450,1061,1751
11/07/2013,309,879,1353
12/07/2013,348,1063,1597
13/07/2013,539,1504,2330
14/07/2013,285,1366,1802
15/07/2013,392,1541,2142
16/07/2013,500,1829,2595
17/07/2013,146,1398,1622
18/07/2013,248,1040,1420
19/07/2013,233,706,1063
20/07/2013,226,470,817
21/07/2013,101,611,762
22/07/2013,204,980,1294
23/07/2013,159,1190,1433
24/07/2013,174,518,785
25/07/2013,145,556,779
26/07/2013,151,689,921
27/07/2013,265,1132,1537
28/07/2013,43,224,290
29/07/2013,65,320,420
30/07/2013,165,561,814
31/07/2013,18,93,121
02/08/2013,24,218,255
03/08/2013,41,315,378
04/08/2013,38,306,364
05/08/2013,159,789,1034
06/08/2013,338,1023,1542
07/08/2013,258,1041,1437
08/08/2013,314,1069,1550
09/08/2013,532,1038,1854
10/08/2013,158,800,1043
11/08/2013,101,506,661
12/08/2013,512,983,1768
13/08/2013,348,903,1436
14/08/2013,428,783,1439
15/08/2013,168,485,743
16/08/2013,173,562,827
17/08/2013,119,468,651
18/08/2013,89,423,560
19/08/2013,440,1005,1680
20/08/2013,202,520,829
21/08/2013,27,222,264
22/08/2013,726,1201,2314
23/08/2013,289,1494,1936
24/08/2013,391,1108,1707
25/08/2013,260,785,1184
26/08/2013,129,782,981
27/08/2013,564,1388,2252
28/08/2013,315,1305,1788
29/08/2013,206,1138,1454
30/08/2013,114,602,777
31/08/2013,405,982,1602
01/09/2013,97,675,824
02/09/2013,402,959,1575
03/09/2013,824,1403,2667
04/09/2013,1013,1811,3364
05/09/2013,691,1697,2757
06/09/2013,314,927,1408
07/09/2013,100,681,834
08/09/2013,69,657,763
09/09/2013,826,1355,2621
10/09/2013,554,1120,1969
11/09/2013,623,988,1942
12/09/2013,592,990,1897
13/09/2013,1045,881,2484
14/09/2013,430,918,1578
15/09/2013,365,681,1240
16/09/2013,287,867,1306
17/09/2013,681,964,2008
18/09/2013,671,1176,2204
19/09/2013,426,1086,1738
20/09/2013,600,1303,2224
21/09/2013,292,851,1298
22/09/2013,369,649,1215
23/09/2013,645,923,1912
24/09/2013,1424,1510,3694
25/09/2013,786,1572,2776
26/09/2013,381,975,1560
27/09/2013,653,1142,2143
28/09/2013,567,1147,2017
29/09/2013,301,849,1310
30/09/2013,609,1146,2080
01/10/2013,756,1578,2736
02/10/2013,731,1147,2267
03/10/2013,1217,1266,3132
04/10/2013,104,985,1145
05/10/2013,412,1246,1877
06/10/2013,494,1071,1829
07/10/2013,136,1023,1232
08/10/2013,213,1084,1411
09/10/2013,366,1257,1818
10/10/2013,503,1205,1975
11/10/2013,597,1171,2087
12/10/2013,544,1298,2133
13/10/2013,274,1212,1632
14/10/2013,328,1084,1587
15/10/2013,861,1441,2761
16/10/2013,784,1440,2643
17/10/2013,318,1285,1772
18/10/2013,509,1204,1985
19/10/2013,261,1148,1548
20/10/2013,113,1008,1181
21/10/2013,146,1063,1287
22/10/2013,250,1065,1449
23/10/2013,89,987,1124
24/10/2013,550,1446,2288
25/10/2013,200,999,1305
26/10/2013,45,771,840
27/10/2013,38,548,607
28/10/2013,75,785,901
29/10/2013,276,1229,1652
30/10/2013,280,1348,1778
31/10/2013,186,1164,1449
01/11/2013,291,1263,1710
02/11/2013,180,874,1149
03/11/2013,104,806,966
04/11/2013,789,1472,2682
05/11/2013,305,1469,1937
06/11/2013,463,1144,1854
07/11/2013,362,1441,1996
08/11/2013,621,1752,2704
09/11/2013,457,1561,2261
10/11/2013,672,1512,2544
11/11/2013,450,1508,2198
12/11/2013,903,1568,2953
13/11/2013,998,1709,3239
14/11/2013,710,1586,2675
15/11/2013,1441,1843,4051
16/11/2013,2350,1935,5539
17/11/2013,580,1419,2308
18/11/2013,741,1347,2483
19/11/2013,847,1677,2976
20/11/2013,541,1638,2467
21/11/2013,820,1447,2705
22/11/2013,962,1596,3072
23/11/2013,935,1559,2993
24/11/2013,460,1348,2053
25/11/2013,978,1581,3080
26/11/2013,1027,1841,3415
27/11/2013,1409,1673,3833
28/11/2013,1259,1634,3564
29/11/2013,604,1573,2499
30/11/2013,691,1401,2460
01/12/2013,866,1647,2975
02/12/2013,893,1746,3115
03/12/2013,486,1509,2255
04/12/2013,1096,1792,3474
05/12/2013,539,1607,2432
06/12/2013,701,1841,2916
07/12/2013,341,1494,2017
08/12/2013,120,1102,1286
09/12/2013,540,1514,2341
10/12/2013,1107,1657,3355
11/12/2013,6790,2952,13362
12/12/2013,1782,1771,4504
13/12/2013,447,1458,2144
14/12/2013,148,1076,1302
15/12/2013,74,829,943
16/12/2013,254,1213,1603
17/12/2013,1094,1829,3507
18/12/2013,260,1222,1620
19/12/2013,225,1329,1674
20/12/2013,196,1147,1447
21/12/2013,53,655,737
22/12/2013,71,874,983
23/12/2013,63,726,823
24/12/2013,52,787,867
25/12/2013,107,912,1077
26/12/2013,195,1273,1571
27/12/2013,60,764,855
28/12/2013,261,1437,1837
29/12/2013,422,1407,2054
30/12/2013,95,897,1042
31/12/2013,83,1036,1163
01/01/2014,40,561,622
02/01/2014,115,932,1108
03/01/2014,61,766,860
04/01/2014,100,993,1147
05/01/2014,124,991,1180
06/01/2014,62,695,790
07/01/2014,80,814,937
08/01/2014,230,1159,1510
09/01/2014,231,1140,1494
10/01/2014,307,1328,1798
11/01/2014,675,1544,2579
12/01/2014,1389,1561,3691
13/01/2014,226,1230,1576
14/01/2014,579,1596,2484
15/01/2014,178,1198,1470
16/01/2014,194,1073,1370
17/01/2014,218,1299,1632
18/01/2014,412,1233,1866
19/01/2014,240,1316,1684
20/01/2014,4095,2663,8942
21/01/2014,2999,2109,6707
22/01/2014,455,1422,2120
23/01/2014,763,1826,2996
24/01/2014,678,1565,2604
25/01/2014,275,1214,1637
26/01/2014,123,1123,1310
27/01/2014,167,1074,1330
28/01/2014,272,1295,1712
29/01/2014,1012,1610,3161
30/01/2014,1349,1567,3635
31/01/2014,1057,1361,2982
01/02/2014,84,799,928
02/02/2014,104,950,1109
03/02/2014,407,1249,1873
04/02/2014,231,1113,1467
05/02/2014,172,922,1187
06/02/2014,389,1306,1903
07/02/2014,342,1209,1734
08/02/2014,65,661,761
09/02/2014,60,673,765
10/02/2014,462,1557,2264
11/02/2014,177,1272,1544
12/02/2014,89,783,920
13/02/2014,205,1175,1490
14/02/2014,322,1187,1681
15/02/2014,85,711,841
16/02/2014,207,1168,1486
17/02/2014,311,1354,1831
18/02/2014,270,1323,1738
19/02/2014,317,1306,1791
20/02/2014,141,1083,1299
21/02/2014,131,1024,1226
22/02/2014,109,951,1119
23/02/2014,53,666,747
24/02/2014,197,1059,1361
25/02/2014,107,1036,1199
26/02/2014,179,1145,1419
27/02/2014,219,1256,1592
28/02/2014,885,1807,3163
01/03/2014,788,1743,2951
02/03/2014,102,952,1109
03/03/2014,753,1607,2762
04/03/2014,297,622,1078
05/03/2014,80,586,708
06/03/2014,189,1152,1442
07/03/2014,460,1470,2175
08/03/2014,211,1262,1586
09/03/2014,154,1446,1683
10/03/2014,637,1665,2641
11/03/2014,552,1326,2173
12/03/2014,1187,1674,3495
13/03/2014,1645,2086,4608
14/03/2014,1333,1973,4018
15/03/2014,417,1501,2140
16/03/2014,209,1246,1567
17/03/2014,330,1269,1775
18/03/2014,171,1173,1435
19/03/2014,154,1071,1307
20/03/2014,81,813,938
21/03/2014,123,902,1089
22/03/2014,69,758,864
23/03/2014,530,1243,2056
24/03/2014,374,1246,1819
25/03/2014,625,1602,2560
26/03/2014,1054,1804,3420
27/03/2014,695,1644,2710
28/03/2014,1100,1893,3579
29/03/2014,1086,1934,3599
30/03/2014,1071,2034,3676
31/03/2014,396,1779,2386
01/04/2014,1293,2208,4190
02/04/2014,1205,2214,4063
03/04/2014,807,1455,2692
04/04/2014,177,1167,1438
05/04/2014,103,937,1096
06/04/2014,77,647,766
07/04/2014,153,970,1206
08/04/2014,236,1252,1614
09/04/2014,284,1424,1860
10/04/2014,335,1542,2056
11/04/2014,495,1653,2413
12/04/2014,234,1376,1736
13/04/2014,232,1018,1373
14/04/2014,518,1505,2298
15/04/2014,359,1231,1781
16/04/2014,192,1232,1527
17/04/2014,566,1651,2519
18/04/2014,300,1106,1566
19/04/2014,233,1108,1465
20/04/2014,432,1277,1940
21/04/2014,491,1461,2214
22/04/2014,142,1014,1231
23/04/2014,171,1133,1395
24/04/2014,338,1411,1929
25/04/2014,624,1356,2313
26/04/2014,96,950,1097
27/04/2014,137,936,1146
28/04/2014,391,1326,1925
29/04/2014,423,1696,2344
30/04/2014,919,1363,2771
01/05/2014,509,1466,2246
02/05/2014,609,1607,2541
03/05/2014,415,1326,1962
04/05/2014,44,775,842
05/05/2014,54,932,1015
06/05/2014,73,823,936
07/05/2014,89,799,936
08/05/2014,161,906,1153
09/05/2014,105,826,987
10/05/2014,66,580,681
11/05/2014,52,579,658
12/05/2014,193,1078,1373
13/05/2014,381,1473,2057
14/05/2014,566,1633,2500
15/05/2014,305,1539,2007
16/05/2014,612,1807,2745
17/05/2014,254,1478,1866
18/05/2014,61,1178,1271
19/05/2014,221,1571,1911
20/05/2014,71,1104,1213
21/05/2014,200,1166,1473
22/05/2014,143,1082,1301
23/05/2014,139,1041,1254
24/05/2014,98,1002,1152
25/05/2014,46,605,676
26/05/2014,546,1486,2323
27/05/2014,550,1440,2283
28/05/2014,624,1312,2269
29/05/2014,545,1390,2226
30/05/2014,573,1256,2134
31/05/2014,340,1358,1879
01/06/2014,185,1228,1513
02/06/2014,115,860,1037
03/06/2014,182,859,1138
04/06/2014,106,870,1032
05/06/2014,129,932,1129
06/06/2014,295,1480,1932
07/06/2014,206,1189,1505
08/06/2014,87,906,1040
09/06/2014,215,1196,1527
10/06/2014,92,789,929
11/06/2014,143,983,1201
12/06/2014,263,1634,2038
13/06/2014,328,1613,2116
14/06/2014,207,965,1282
15/06/2014,196,759,1059
16/06/2014,392,979,1580
17/06/2014,301,960,1422
18/06/2014,438,862,1533
19/06/2014,519,1119,1915
20/06/2014,203,1003,1314
21/06/2014,150,972,1202
22/06/2014,140,1013,1227
23/06/2014,369,1471,2037
24/06/2014,365,1305,1865
25/06/2014,261,1050,1450
26/06/2014,211,1204,1528
27/06/2014,81,728,852
28/06/2014,186,882,1167
29/06/2014,145,880,1103
30/06/2014,204,1154,1466
01/07/2014,257,1265,1660
02/07/2014,288,1199,1641
03/07/2014,67,834,937
04/07/2014,67,641,745
05/07/2014,83,629,756
06/07/2014,95,746,892
07/07/2014,111,756,926
08/07/2014,381,1302,1887
09/07/2014,361,1025,1578
10/07/2014,416,1195,1833
11/07/2014,499,1184,1949
12/07/2014,118,879,1060
13/07/2014,143,712,932
14/07/2014,120,621,806
15/07/2014,155,722,960
16/07/2014,205,943,1256
17/07/2014,180,839,1115
18/07/2014,114,1004,1178
19/07/2014,69,960,1066
20/07/2014,59,849,939
21/07/2014,265,996,1403
22/07/2014,213,964,1290
23/07/2014,176,909,1179
24/07/2014,174,935,1201
25/07/2014,250,1179,1562
26/07/2014,124,1006,1196
27/07/2014,103,801,959
28/07/2014,182,894,1173
29/07/2014,214,866,1194
30/07/2014,139,878,1092
31/07/2014,124,1073,1263
01/08/2014,108,960,1125
02/08/2014,94,941,1085
03/08/2014,43,625,692
04/08/2014,132,970,1172
05/08/2014,109,963,1131
06/08/2014,75,888,1004
07/08/2014,295,1427,1880
08/08/2014,299,1499,1957
09/08/2014,78,747,867
10/08/2014,103,687,844
11/08/2014,99,694,847
12/08/2014,72,801,911
13/08/2014,297,1132,1586
14/08/2014,287,1379,1819
15/08/2014,470,1257,1978
16/08/2014,159,982,1226
17/08/2014,101,683,838
18/08/2014,252,1057,1444
19/08/2014,353,1310,1852
20/08/2014,229,559,910
21/08/2014,24,350,387
22/08/2014,339,1083,1602
23/08/2014,218,1139,1473
24/08/2014,139,879,1092
25/08/2014,220,1007,1345
26/08/2014,394,1089,1692
27/08/2014,342,1332,1857
28/08/2014,106,756,918
29/08/2014,73,699,811
30/08/2014,99,747,898
31/08/2014,250,1023,1406
01/09/2014,380,1044,1627
02/09/2014,300,1093,1553
03/09/2014,319,1213,1702
04/09/2014,348,1359,1893
05/09/2014,437,1652,2322
06/09/2014,285,1631,2067
07/09/2014,358,1344,1894
08/09/2014,458,1485,2187
09/09/2014,405,1539,2161
10/09/2014,600,1256,2176
11/09/2014,694,1431,2495
12/09/2014,328,1426,1929
13/09/2014,299,1275,1734
14/09/2014,212,1025,1351
15/09/2014,382,1473,2058
16/09/2014,422,1381,2027
17/09/2014,276,1418,1842
18/09/2014,355,1620,2164
19/09/2014,607,1749,2679
20/09/2014,338,1345,1864
21/09/2014,270,1155,1568
22/09/2014,659,1668,2679
23/09/2014,775,1751,2940
24/09/2014,477,1338,2069
25/09/2014,344,1307,1835
26/09/2014,515,1352,2142
27/09/2014,593,1401,2310
28/09/2014,607,1524,2455
29/09/2014,1213,1624,3483
30/09/2014,78,917,1037
01/10/2014,277,1370,1794
02/10/2014,591,1317,2224
03/10/2014,165,1068,1321
04/10/2014,309,1240,1713
05/10/2014,380,1206,1789
06/10/2014,411,1402,2032
07/10/2014,221,1210,1549
08/10/2014,396,1350,1957
09/10/2014,142,1051,1269
10/10/2014,341,1270,1793
11/10/2014,207,1350,1667
12/10/2014,665,1297,2316
13/10/2014,682,1289,2335
14/10/2014,626,1427,2387
15/10/2014,655,1425,2429
16/10/2014,271,1270,1685
17/10/2014,201,1163,1472
18/10/2014,79,823,944
19/10/2014,45,582,651
20/10/2014,103,789,946
21/10/2014,262,948,1350
22/10/2014,405,1539,2160
23/10/2014,123,975,1164
24/10/2014,208,1225,1543
25/10/2014,111,1098,1269
26/10/2014,45,904,973
27/10/2014,162,1073,1322
28/10/2014,238,1151,1516
29/10/2014,582,1484,2376
30/10/2014,452,1331,2024
31/10/2014,333,1461,1972
01/11/2014,75,953,1067
02/11/2014,48,776,850
03/11/2014,242,1405,1776
04/11/2014,870,1790,3123
05/11/2014,1170,1744,3538
06/11/2014,1004,1670,3209
07/11/2014,154,1137,1373
08/11/2014,106,1185,1348
09/11/2014,312,1497,1974
10/11/2014,277,1351,1776
11/11/2014,443,1182,1861
12/11/2014,395,1351,1957
13/11/2014,523,1463,2265
14/11/2014,760,1623,2789
15/11/2014,1346,1860,3925
16/11/2014,906,1470,2860
17/11/2014,624,1593,2549
18/11/2014,1160,1480,3258
19/11/2014,1470,1360,3614
20/11/2014,2167,1730,5052
21/11/2014,1419,1424,3600
22/11/2014,853,1310,2617
23/11/2014,627,1537,2499
24/11/2014,2548,2235,6142
25/11/2014,1985,1936,4980
26/11/2014,2403,1647,5332
27/11/2014,2212,1458,4849
28/11/2014,1446,1352,3569
29/11/2014,2076,1405,4588
30/11/2014,2106,1452,4681
01/12/2014,809,1109,2350
02/12/2014,888,1358,2719
03/12/2014,884,1496,2851
04/12/2014,1301,1162,3156
05/12/2014,1285,1691,3661
06/12/2014,1008,1807,3352
07/12/2014,289,1325,1767
08/12/2014,561,1567,2427
09/12/2014,646,1563,2553
10/12/2014,231,1309,1663
11/12/2014,283,1260,1695
12/12/2014,387,1481,2074
13/12/2014,1161,1836,3616
14/12/2014,242,1218,1590
15/12/2014,630,1746,2713
16/12/2014,1242,2078,3982
17/12/2014,360,1406,1959
18/12/2014,127,935,1130
19/12/2014,395,1379,1985
20/12/2014,244,1429,1804
21/12/2014,75,856,970
22/12/2014,76,775,892
23/12/2014,71,744,853
24/12/2014,348,1201,1735
25/12/2014,301,1472,1934
26/12/2014,282,1324,1756
27/12/2014,725,1173,2285
28/12/2014,786,1407,2613
29/12/2014,1378,1855,3968
30/12/2014,1672,1911,4474
31/12/2014,456,1440,2139
01/01/2015,59,689,780
02/01/2015,282,1339,1771
03/01/2015,562,1607,2468
04/01/2015,587,1491,2391
05/01/2015,417,1354,1993
06/01/2015,506,1524,2300
07/01/2015,271,1204,1619
08/01/2015,365,1476,2036
09/01/2015,108,809,975
10/01/2015,188,954,1242
11/01/2015,86,852,983
12/01/2015,89,902,1039
13/01/2015,155,1090,1328
14/01/2015,157,967,1208
15/01/2015,128,913,1109
16/01/2015,527,1651,2459
17/01/2015,304,1530,1997
18/01/2015,822,1543,2803
19/01/2015,1415,1863,4032
20/01/2015,2959,2132,6668
21/01/2015,1145,1442,3198
22/01/2015,1990,1724,4774
23/01/2015,1764,1798,4502
24/01/2015,923,1802,3217
25/01/2015,352,1456,1997
26/01/2015,777,1629,2821
27/01/2015,755,1855,3013
28/01/2015,225,1162,1507
29/01/2015,441,1501,2176
30/01/2015,1062,1933,3562
31/01/2015,926,1698,3118
01/02/2015,874,1529,2870
02/02/2015,1415,2126,4296
03/02/2015,1171,1906,3702
04/02/2015,1258,1817,3745
05/02/2015,810,1211,2454
06/02/2015,969,1357,2843
07/02/2015,1049,1693,3301
08/02/2015,820,1684,2942
09/02/2015,1125,1725,3450
10/02/2015,844,1626,2920
11/02/2015,635,1375,2348
12/02/2015,813,1621,2868
13/02/2015,361,1590,2144
14/02/2015,857,1782,3096
15/02/2015,771,1576,2759
16/02/2015,916,1699,3103
17/02/2015,934,1774,3206
18/02/2015,270,1389,1804
19/02/2015,177,1306,1577
20/02/2015,927,1883,3305
21/02/2015,819,1996,3252
22/02/2015,183,1114,1394
23/02/2015,133,964,1168
24/02/2015,370,1478,2045
25/02/2015,117,536,715
27/02/2015,102,664,821
28/02/2015,72,804,914
01/03/2015,80,706,829
02/03/2015,173,1008,1274
03/03/2015,192,1098,1392
04/03/2015,875,1673,3015
05/03/2015,600,1850,2769
06/03/2015,138,1135,1346
07/03/2015,97,1025,1174
08/03/2015,150,989,1220
09/03/2015,244,1180,1555
10/03/2015,877,1831,3176
11/03/2015,376,1324,1900
12/03/2015,571,1505,2381
13/03/2015,708,1464,2549
14/03/2015,468,1178,1895
15/03/2015,427,974,1628
16/03/2015,790,1167,2377
17/03/2015,1116,1360,3071
18/03/2015,737,1337,2467
19/03/2015,588,1496,2397
20/03/2015,580,1655,2545
21/03/2015,417,1224,1863
22/03/2015,236,935,1297
23/03/2015,279,1264,1691
24/03/2015,770,1486,2667
25/03/2015,1032,1758,3341
26/03/2015,942,1569,3014
27/03/2015,462,1442,2150
28/03/2015,90,809,947
29/03/2015,168,878,1135
30/03/2015,274,1174,1593
31/03/2015,584,1268,2164
01/04/2015,309,1168,1642
02/04/2015,471,1235,1957
03/04/2015,568,1304,2176
04/04/2015,636,1211,2186
05/04/2015,288,1185,1626
06/04/2015,416,1266,1904
07/04/2015,556,1624,2477
08/04/2015,1055,1820,3436
09/04/2015,650,1703,2700
10/04/2015,825,1766,3031
11/04/2015,236,1114,1477
12/04/2015,111,845,1015
13/04/2015,282,1148,1580
14/04/2015,172,1108,1372
15/04/2015,331,1463,1970
16/04/2015,373,1213,1785
17/04/2015,306,1078,1546
18/04/2015,217,876,1209
19/04/2015,316,1151,1636
20/04/2015,436,1389,2058
21/04/2015,439,1435,2108
22/04/2015,357,1253,1801
23/04/2015,299,1420,1878
24/04/2015,120,1132,1316
25/04/2015,60,707,798
26/04/2015,319,1106,1595
27/04/2015,457,1032,1732
28/04/2015,278,1019,1445
29/04/2015,127,1008,1203
30/04/2015,388,1179,1773
01/05/2015,291,1044,1490
02/05/2015,237,1243,1606
03/05/2015,90,633,770
04/05/2015,72,688,799
05/05/2015,66,613,714
06/05/2015,69,658,763
07/05/2015,74,754,868
08/05/2015,312,1318,1797
09/05/2015,65,809,909
10/05/2015,39,675,734
11/05/2015,74,807,920
12/05/2015,99,966,1118
13/05/2015,348,1338,1871
14/05/2015,362,1348,1903
15/05/2015,249,1015,1397
16/05/2015,365,1076,1635
17/05/2015,96,833,980
18/05/2015,113,825,999
19/05/2015,244,1084,1458
20/05/2015,592,1407,2316
21/05/2015,252,1338,1724
22/05/2015,287,1109,1549
23/05/2015,363,966,1523
24/05/2015,175,779,1048
25/05/2015,269,990,1403
26/05/2015,435,1201,1869
27/05/2015,194,935,1233
28/05/2015,185,810,1093
29/05/2015,245,1143,1518
30/05/2015,148,853,1080
31/05/2015,122,895,1082
01/06/2015,66,589,691
02/06/2015,72,563,672
03/06/2015,190,969,1260
04/06/2015,523,1624,2426
05/06/2015,269,1295,1708
06/06/2015,78,740,859
07/06/2015,163,966,1216
08/06/2015,284,1020,1456
09/06/2015,451,1101,1793
10/06/2015,300,1064,1524
11/06/2015,277,1212,1637
12/06/2015,274,1603,2024
13/06/2015,121,927,1112
14/06/2015,298,1031,1487
15/06/2015,286,1070,1509
16/06/2015,236,1274,1637
17/06/2015,176,846,1116
18/06/2015,558,1240,2095
19/06/2015,664,1364,2382
20/06/2015,319,961,1451
21/06/2015,136,646,854
22/06/2015,436,994,1663
23/06/2015,540,1279,2106
24/06/2015,121,863,1048
25/06/2015,177,953,1225
26/06/2015,106,978,1140
27/06/2015,208,806,1126
28/06/2015,53,644,726
29/06/2015,137,836,1046
30/06/2015,152,1303,1536
01/07/2015,238,1743,2108
02/07/2015,172,792,1056
03/07/2015,206,1093,1409
04/07/2015,40,657,719
05/07/2015,80,761,884
06/07/2015,75,619,734
07/07/2015,121,823,1008
08/07/2015,553,1229,2078
09/07/2015,453,1166,1861
10/07/2015,108,1067,1233
11/07/2015,245,1131,1507
12/07/2015,42,460,523
13/07/2015,111,656,827
14/07/2015,196,818,1119
15/07/2015,704,1031,2110
16/07/2015,306,1335,1804
17/07/2015,130,873,1073
18/07/2015,54,588,671
19/07/2015,63,738,835
20/07/2015,156,775,1014
21/07/2015,81,581,706
22/07/2015,114,813,988
23/07/2015,148,964,1192
24/07/2015,472,1371,2094
25/07/2015,294,998,1448
26/07/2015,106,831,994
27/07/2015,45,435,503
28/07/2015,107,734,898
29/07/2015,184,911,1194
30/07/2015,280,1032,1462
31/07/2015,336,1117,1632
01/08/2015,117,954,1133
02/08/2015,55,860,944
03/08/2015,67,805,907
04/08/2015,14,158,179
06/08/2015,31,411,459
07/08/2015,364,1416,1974
08/08/2015,149,977,1206
09/08/2015,30,634,680
10/08/2015,106,546,709
11/08/2015,316,1226,1711
12/08/2015,282,949,1382
13/08/2015,396,1114,1722
14/08/2015,150,986,1217
15/08/2015,238,964,1329
16/08/2015,207,1053,1371
17/08/2015,321,1345,1838
18/08/2015,190,1195,1487
19/08/2015,86,802,934
20/08/2015,123,584,772
21/08/2015,156,662,901
22/08/2015,310,1283,1759
23/08/2015,71,972,1081
24/08/2015,590,1333,2239
25/08/2015,152,752,985
26/08/2015,97,702,850
27/08/2015,134,844,1050
28/08/2015,96,754,901
29/08/2015,186,1080,1365
30/08/2015,349,1110,1645
31/08/2015,410,1161,1789
01/09/2015,577,1363,2248
02/09/2015,602,1428,2351
03/09/2015,467,1331,2047
04/09/2015,502,1402,2172
05/09/2015,451,1352,2043
06/09/2015,393,1138,1741
07/09/2015,412,1151,1783
08/09/2015,297,1056,1512
09/09/2015,297,1182,1638
10/09/2015,484,1320,2063
11/09/2015,527,1537,2345
12/09/2015,57,887,975
13/09/2015,225,1075,1419
14/09/2015,246,931,1308
15/09/2015,114,869,1044
16/09/2015,766,1528,2702
17/09/2015,321,1118,1611
18/09/2015,681,1361,2405
19/09/2015,561,1373,2233
20/09/2015,243,939,1311
21/09/2015,165,1149,1401
22/09/2015,882,1452,2804
23/09/2015,305,1138,1606
24/09/2015,207,931,1248
25/09/2015,1106,1422,3118
26/09/2015,660,1403,2415
27/09/2015,515,1261,2051
28/09/2015,684,1247,2297
29/09/2015,636,1233,2209
30/09/2015,551,1260,2106
01/10/2015,742,1347,2484
02/10/2015,647,1394,2386
03/10/2015,722,1595,2702
04/10/2015,180,1320,1596
05/10/2015,299,1112,1571
06/10/2015,337,1124,1640
07/10/2015,328,1124,1627
08/10/2015,1024,1575,3146
09/10/2015,2833,1864,6207
10/10/2015,660,1319,2331
11/10/2015,269,1064,1477
12/10/2015,813,1357,2605
13/10/2015,880,1450,2800
14/10/2015,850,1342,2645
15/10/2015,1063,1319,2949
16/10/2015,837,1419,2702
17/10/2015,678,1328,2368
18/10/2015,806,1141,2377
19/10/2015,1058,1469,3091
20/10/2015,1292,1755,3736
21/10/2015,339,1169,1690
22/10/2015,543,1500,2333
23/10/2015,248,1266,1647
24/10/2015,214,1188,1516
25/10/2015,296,1236,1690
26/10/2015,594,1225,2136
27/10/2015,795,1232,2450
28/10/2015,283,1368,1802
29/10/2015,280,1252,1682
30/10/2015,422,1150,1797
31/10/2015,1142,1104,2856
01/11/2015,3839,1664,7551
02/11/2015,1735,1510,4170
03/11/2015,1100,1233,2919
04/11/2015,1107,1436,3134
05/11/2015,176,1073,1342
06/11/2015,128,903,1099
07/11/2015,65,817,917
08/11/2015,78,857,977
09/11/2015,58,696,785
10/11/2015,87,764,897
11/11/2015,80,854,977
12/11/2015,167,1017,1273
13/11/2015,126,960,1153
14/11/2015,89,890,1027
15/11/2015,47,463,536
16/11/2015,96,895,1041
17/11/2015,88,736,871
18/11/2015,109,766,934
19/11/2015,275,1197,1619
20/11/2015,404,1530,2149
21/11/2015,946,1403,2853
22/11/2015,858,1610,2925
23/11/2015,971,1544,3034
24/11/2015,585,1428,2324
25/11/2015,1330,1855,3894
26/11/2015,1093,1647,3323
27/11/2015,311,1156,1633
28/11/2015,133,900,1104
29/11/2015,39,574,634
30/11/2015,80,838,961
01/12/2015,177,1065,1337
02/12/2015,104,980,1140
03/12/2015,132,944,1147
04/12/2015,273,1057,1475
05/12/2015,38,574,632
06/12/2015,42,704,769
07/12/2015,275,1032,1453
08/12/2015,123,1035,1223
09/12/2015,155,949,1186
10/12/2015,121,996,1183
11/12/2015,251,1314,1698
12/12/2015,123,1023,1212
13/12/2015,693,1313,2375
14/12/2015,434,1167,1832
15/12/2015,902,1153,2536
16/12/2015,124,1018,1209
17/12/2015,266,1028,1436
18/12/2015,127,1057,1252
19/12/2015,104,778,937
20/12/2015,50,785,861
21/12/2015,101,1034,1189
22/12/2015,47,647,719
23/12/2015,71,808,916
24/12/2015,39,655,714
25/12/2015,15,502,525
26/12/2015,20,388,418
27/12/2015,43,629,695
28/12/2015,254,916,1306
29/12/2015,65,822,921
30/12/2015,63,633,730
31/12/2015,48,659,732
01/01/2016,378,1200,1780
02/01/2016,167,865,1121
03/01/2016,104,995,1154
04/01/2016,148,1215,1442
05/01/2016,407,1347,1971
06/01/2016,2099,864,1929
07/01/2016,298,1278,1736
08/01/2016,321,1500,1992
09/01/2016,89,952,1088
10/01/2016,69,921,1027
11/01/2016,364,1536,2094
12/01/2016,233,1064,1422
13/01/2016,298,1102,1559
14/01/2016,865,1468,2795
15/01/2016,1138,1849,3594
16/01/2016,682,1786,2833
17/01/2016,463,1477,2188
18/01/2016,786,1427,2631
19/01/2016,3974,2679,8773
20/01/2016,6045,3123,12393
21/01/2016,1782,1936,4669
22/01/2016,377,1384,1961
23/01/2016,181,1194,1472
24/01/2016,135,829,1035
25/01/2016,168,930,1187
26/01/2016,69,812,917
27/01/2016,119,967,1149
28/01/2016,152,1036,1269
29/01/2016,52,643,723
30/01/2016,210,1024,1345
31/01/2016,65,861,961
01/02/2016,50,619,696
02/02/2016,121,980,1166
03/02/2016,415,1463,2100
04/02/2016,548,1456,2297
05/02/2016,99,945,1097
06/02/2016,42,554,619
07/02/2016,40,516,577
08/02/2016,34,332,384
09/02/2016,271,1228,1644
10/02/2016,917,1682,3088
11/02/2016,506,946,1721
12/02/2016,881,1409,2760
13/02/2016,839,1268,2555
14/02/2016,596,993,1907
15/02/2016,1069,1286,2925
16/02/2016,728,1185,2302
17/02/2016,237,1121,1484
18/02/2016,1060,1402,3027
19/02/2016,247,945,1323
20/02/2016,97,536,684
21/02/2016,42,179,243
22/02/2016,735,1125,2252
23/02/2016,888,1479,2840
24/02/2016,2512,1952,5804
25/02/2016,1390,1647,3778
26/02/2016,981,1596,3099
27/02/2016,458,1129,1831
28/02/2016,333,901,1412
29/02/2016,576,1208,2091
01/03/2016,119,616,799
02/03/2016,227,748,1097
03/03/2016,596,1045,1959
04/03/2016,302,907,1371
05/03/2016,1100,1434,3120
06/03/2016,685,1132,2183
07/03/2016,1262,1464,3399
08/03/2016,535,1170,1990
09/03/2016,616,1078,2022
10/03/2016,1368,1477,3575
11/03/2016,1303,1684,3682
12/03/2016,820,1473,2731
13/03/2016,409,1041,1669
14/03/2016,368,969,1533
15/03/2016,774,1215,2402
16/03/2016,328,510,1013
17/03/2016,379,936,1517
18/03/2016,814,1465,2713
19/03/2016,409,1160,1787
20/03/2016,483,1255,1996
21/03/2016,1013,1729,3282
22/03/2016,838,1815,3099
23/03/2016,974,1743,3236
24/03/2016,171,1163,1425
25/03/2016,379,1015,1596
26/03/2016,61,548,641
27/03/2016,56,420,506
28/03/2016,77,383,501
29/03/2016,95,658,803
30/03/2016,275,1016,1438
31/03/2016,943,1553,3000
01/04/2016,266,1004,1411
02/04/2016,218,757,1091
03/04/2016,221,754,1093
04/04/2016,104,659,818
05/04/2016,380,1014,1597
06/04/2016,132,608,811
07/04/2016,371,952,1521
08/04/2016,385,1108,1698
09/04/2016,82,501,627
10/04/2016,243,922,1295
11/04/2016,441,1068,1744
12/04/2016,158,733,975
13/04/2016,422,1146,1794
14/04/2016,159,855,1098
15/04/2016,540,1094,1922
16/04/2016,965,1213,2692
17/04/2016,429,989,1647
18/04/2016,240,1128,1496
19/04/2016,549,1025,1867
20/04/2016,563,992,1854
21/04/2016,515,1037,1827
22/04/2016,465,1011,1724
23/04/2016,567,1017,1886
24/04/2016,503,972,1744
25/04/2016,532,1061,1877
26/04/2016,905,1159,2547
27/04/2016,644,1035,2022
28/04/2016,260,677,1076
29/04/2016,278,746,1172
30/04/2016,562,1070,1932
01/05/2016,204,667,979
02/05/2016,66,409,510
03/05/2016,404,999,1618
04/05/2016,251,845,1230
05/05/2016,288,1216,1657
06/05/2016,482,1515,2254
07/05/2016,324,1069,1565
08/05/2016,197,1035,1337
09/05/2016,298,1309,1765
10/05/2016,496,1145,1905
11/05/2016,566,946,1814
12/05/2016,311,933,1410
13/05/2016,401,788,1402
14/05/2016,367,847,1410
15/05/2016,301,896,1357
16/05/2016,384,1042,1630
17/05/2016,237,929,1293
18/05/2016,26,175,215
19/05/2016,24,215,252
20/05/2016,69,440,547
21/05/2016,50,411,487
22/05/2016,192,719,1013
23/05/2016,527,936,1743
24/05/2016,441,823,1499
25/05/2016,529,940,1750
26/05/2016,258,954,1349
27/05/2016,239,861,1228
28/05/2016,148,703,930
29/05/2016,347,863,1395
30/05/2016,306,742,1212
31/05/2016,575,900,1780
01/06/2016,443,796,1476
02/06/2016,288,729,1171
03/06/2016,588,992,1895
04/06/2016,595,1150,2062
05/06/2016,301,809,1271
06/06/2016,354,992,1535
07/06/2016,529,1741,2552
08/06/2016,464,1631,2343
09/06/2016,424,1007,1657
10/06/2016,277,976,1400
11/06/2016,213,1093,1420
12/06/2016,81,460,585
13/06/2016,230,791,1144
14/06/2016,130,477,677
15/06/2016,102,359,516
16/06/2016,177,684,955
17/06/2016,446,988,1671
18/06/2016,508,936,1715
19/06/2016,60,346,438
20/06/2016,207,485,801
21/06/2016,90,444,582
22/06/2016,206,466,782
23/06/2016,453,892,1586
24/06/2016,113,430,603
25/06/2016,207,595,913
26/06/2016,220,478,814
27/06/2016,510,691,1472
28/06/2016,221,647,986
29/06/2016,94,407,551
30/06/2016,79,377,498
01/07/2016,88,472,607
02/07/2016,91,414,553
03/07/2016,61,344,438
04/07/2016,149,484,712
05/07/2016,458,860,1562
06/07/2016,371,934,1502
07/07/2016,62,583,678
08/07/2016,104,519,678
09/07/2016,71,381,490
10/07/2016,70,238,344
11/07/2016,75,361,475
12/07/2016,405,759,1380
13/07/2016,674,938,1972
14/07/2016,536,1070,1892
15/07/2016,201,717,1026
16/07/2016,94,336,480
17/07/2016,91,398,537
18/07/2016,261,989,1390
19/07/2016,317,1463,1950
20/07/2016,90,879,1016
21/07/2016,347,941,1473
22/07/2016,434,1317,1983
23/07/2016,500,868,1636
24/07/2016,59,388,479
25/07/2016,139,571,784
26/07/2016,164,602,853
27/07/2016,326,643,1143
28/07/2016,303,721,1185
29/07/2016,143,556,775
30/07/2016,467,917,1632
31/07/2016,461,829,1536
01/08/2016,169,656,915
02/08/2016,171,421,683
03/08/2016,88,315,451
04/08/2016,122,493,679
05/08/2016,224,725,1068
06/08/2016,133,526,730
07/08/2016,48,233,307
08/08/2016,293,591,1040
09/08/2016,431,797,1458
10/08/2016,368,808,1372
11/08/2016,315,712,1195
12/08/2016,143,588,807
13/08/2016,167,489,745
14/08/2016,375,691,1266
15/08/2016,221,593,933
16/08/2016,267,674,1083
17/08/2016,111,696,867
18/08/2016,313,933,1413
19/08/2016,77,692,810
20/08/2016,43,290,356
21/08/2016,43,234,300
22/08/2016,69,383,490
23/08/2016,223,1013,1355
24/08/2016,699,1676,2748
25/08/2016,325,1355,1853
26/08/2016,460,1026,1731
27/08/2016,152,830,1064
28/08/2016,62,313,409
29/08/2016,692,1053,2115
30/08/2016,375,878,1452
31/08/2016,88,718,854
01/09/2016,238,669,1034
02/09/2016,73,485,597
03/09/2016,81,470,595
04/09/2016,65,386,485
05/09/2016,57,224,311
06/09/2016,45,206,274
07/09/2016,230,768,1121
08/09/2016,197,920,1221
09/09/2016,64,398,497
10/09/2016,106,491,654
11/09/2016,220,575,913
12/09/2016,210,742,1064
13/09/2016,533,1416,2233
14/09/2016,274,1109,1529
15/09/2016,442,1188,1865
16/09/2016,727,746,1860
17/09/2016,728,597,1713
18/09/2016,376,849,1424
19/09/2016,531,846,1660
20/09/2016,323,726,1222
21/09/2016,260,914,1312
22/09/2016,92,652,793
23/09/2016,173,780,1044
24/09/2016,55,776,860
25/09/2016,35,384,439
26/09/2016,159,812,1056
27/09/2016,129,742,939
28/09/2016,127,578,773
29/09/2016,111,650,820
30/09/2016,107,706,870
01/10/2016,171,807,1070
02/10/2016,324,762,1258
03/10/2016,966,1220,2702
04/10/2016,388,766,1362
05/10/2016,179,695,970
06/10/2016,241,742,1112
07/10/2016,399,921,1534
08/10/2016,310,788,1264
09/10/2016,227,663,1011
10/10/2016,547,905,1744
11/10/2016,571,899,1775
12/10/2016,466,686,1400
13/10/2016,610,760,1696
14/10/2016,673,830,1862
15/10/2016,282,862,1296
16/10/2016,97,740,889
17/10/2016,145,858,1081
18/10/2016,221,897,1235
19/10/2016,614,1097,2039
20/10/2016,622,1002,1955
21/10/2016,615,952,1895
22/10/2016,360,861,1413
23/10/2016,259,683,1080
24/10/2016,407,917,1541
25/10/2016,1295,1220,3206
26/10/2016,219,896,1231
27/10/2016,165,772,1024
28/10/2016,373,951,1523
29/10/2016,1114,1145,2853
30/10/2016,1993,1185,4242
31/10/2016,2414,1818,5519
01/11/2016,2233,775,4199
02/11/2016,975,1395,2890
03/11/2016,1326,1407,3441
04/11/2016,486,1362,2108
05/11/2016,420,1222,1866
06/11/2016,289,851,1294
07/11/2016,535,1064,1885
08/11/2016,668,1449,2473
09/11/2016,850,1268,2572
10/11/2016,648,1518,2511
11/11/2016,897,1363,2738
12/11/2016,767,1313,2488
13/11/2016,588,1338,2240
14/11/2016,580,1380,2270
15/11/2016,359,1146,1696
16/11/2016,138,1060,1272
17/11/2016,123,1070,1259
18/11/2016,175,1228,1496
19/11/2016,216,1242,1573
20/11/2016,317,1147,1633
21/11/2016,671,1277,2306
22/11/2016,165,1008,1260
23/11/2016,1189,1517,3341
24/11/2016,492,1069,1823
25/11/2016,502,1210,1979
26/11/2016,812,1295,2540
27/11/2016,367,1182,1744
28/11/2016,651,1447,2445
29/11/2016,2209,1925,5312
30/11/2016,5577,2834,11385
01/12/2016,3133,2258,7061
02/12/2016,2039,1486,4612
03/12/2016,486,1192,1936
04/12/2016,743,1316,2454
05/12/2016,3324,1717,6814
06/12/2016,3040,1613,6274
07/12/2016,351,938,1477
08/12/2016,277,937,1362
09/12/2016,229,736,1088
10/12/2016,137,700,910
11/12/2016,428,1035,1690
12/12/2016,885,1077,2433
13/12/2016,471,976,1698
14/12/2016,1034,1218,2803
15/12/2016,968,1065,2549
16/12/2016,1400,1134,3282
17/12/2016,1419,1276,3451
18/12/2016,1064,1160,2791
19/12/2016,1734,1195,3853
20/12/2016,646,899,1889
21/12/2016,144,856,1077
22/12/2016,487,1253,2000
23/12/2016,85,709,840
24/12/2016,48,456,530
25/12/2016,16,148,173
26/12/2016,201,927,1236
27/12/2016,2713,1739,5898
28/12/2016,4707,1788,9005
29/12/2016,2534,1491,5376
30/12/2016,1344,1082,3143
31/12/2016,254,775,1164
01/01/2017,145,588,810
02/01/2017,467,827,1543
03/01/2017,711,1079,2169
04/01/2017,552,1099,1945
05/01/2017,1439,1431,3638
06/01/2017,1466,1313,3561
07/01/2017,764,1056,2228
08/01/2017,549,1040,1881
09/01/2017,256,847,1239
10/01/2017,405,1050,1671
11/01/2017,282,880,1313
12/01/2017,267,765,1174
13/01/2017,380,961,1544
14/01/2017,530,1099,1911
15/01/2017,469,1116,1835
16/01/2017,554,1064,1914
17/01/2017,743,1200,2340
18/01/2017,2612,1889,5894
19/01/2017,2282,1622,5121
20/01/2017,1551,1575,3953
21/01/2017,1271,1532,3481
22/01/2017,2746,1767,5977
23/01/2017,4676,2009,9178
24/01/2017,1754,1917,4607
25/01/2017,1223,1559,3434
26/01/2017,809,1070,2310
27/01/2017,1348,1420,3488
28/01/2017,145,1030,1253
29/01/2017,105,923,1084
30/01/2017,649,1188,2184
31/01/2017,1425,1205,3391
01/02/2017,392,906,1508
02/02/2017,160,677,923
03/02/2017,166,750,1005
04/02/2017,499,1436,2201
05/02/2017,489,1265,2015
06/02/2017,742,947,2085
07/02/2017,882,1465,2817
08/02/2017,919,1103,2513
09/02/2017,686,1014,2066
10/02/2017,936,1136,2572
11/02/2017,708,1066,2152
12/02/2017,494,932,1689
13/02/2017,711,1188,2278
14/02/2017,1141,1475,3224
15/02/2017,477,1087,1818
16/02/2017,155,1069,1307
17/02/2017,245,1163,1540
18/02/2017,75,773,888
19/02/2017,94,906,1050
20/02/2017,98,323,473
21/02/2017,71,476,585
22/02/2017,81,666,791
23/02/2017,188,665,953
24/02/2017,446,1434,2119
25/02/2017,33,636,687
26/02/2017,28,436,479
27/02/2017,59,707,798
28/02/2017,127,794,989
01/03/2017,93,791,934
02/03/2017,117,783,963
03/03/2017,303,1072,1536
04/03/2017,55,583,666
05/03/2017,60,522,613
06/03/2017,416,1284,1922
07/03/2017,237,1029,1392
08/03/2017,171,1068,1330
09/03/2017,383,1223,1811
10/03/2017,187,924,1211
11/03/2017,152,774,1007
12/03/2017,486,1355,2100
13/03/2017,350,1174,1711
14/03/2017,250,1159,1542
15/03/2017,518,1294,2089
16/03/2017,252,1031,1416
17/03/2017,179,854,1128
18/03/2017,97,641,790
19/03/2017,38,333,391
20/03/2017,58,659,749
21/03/2017,121,735,921
22/03/2017,187,977,1263
23/03/2017,371,1003,1572
24/03/2017,367,1020,1582
25/03/2017,263,935,1338
26/03/2017,204,891,1204
27/03/2017,423,1129,1777
28/03/2017,550,1085,1928
29/03/2017,54,652,735
30/03/2017,120,1089,1273
31/03/2017,50,794,871
01/04/2017,51,608,686
02/04/2017,162,937,1186
03/04/2017,366,844,1405
04/04/2017,343,983,1509
05/04/2017,397,1156,1764
06/04/2017,375,1209,1784
07/04/2017,318,1149,1636
08/04/2017,776,1125,2315
09/04/2017,229,853,1204
10/04/2017,242,849,1220
11/04/2017,155,770,1007
12/04/2017,189,813,1103
13/04/2017,214,902,1230
14/04/2017,67,636,739
15/04/2017,105,587,748
16/04/2017,92,689,831
17/04/2017,129,643,840
18/04/2017,217,815,1147
19/04/2017,178,765,1039
20/04/2017,127,871,1067
21/04/2017,414,1127,1761
22/04/2017,166,689,944
23/04/2017,80,479,602
24/04/2017,253,800,1187
25/04/2017,374,848,1422
26/04/2017,465,926,1640
27/04/2017,411,1155,1785
28/04/2017,288,942,1383
29/04/2017,135,824,1031
30/04/2017,235,851,1211
01/05/2017,128,621,818
02/05/2017,345,910,1439
03/05/2017,378,932,1511
04/05/2017,293,817,1267
05/05/2017,168,671,928
06/05/2017,220,686,1024
07/05/2017,132,670,873
08/05/2017,247,789,1167
09/05/2017,182,800,1079
10/05/2017,176,926,1197
11/05/2017,438,1468,2140
12/05/2017,129,708,906
13/05/2017,32,455,503
14/05/2017,40,448,509
15/05/2017,86,637,769
16/05/2017,95,441,586
17/05/2017,464,1025,1737
18/05/2017,259,1000,1397
19/05/2017,245,1043,1420
20/05/2017,48,439,512
21/05/2017,43,472,538
22/05/2017,212,848,1172
23/05/2017,283,1028,1462
24/05/2017,214,914,1241
25/05/2017,339,1061,1581
26/05/2017,284,1178,1613
27/05/2017,103,770,928
28/05/2017,71,753,861
29/05/2017,46,526,596
30/05/2017,85,586,717
31/05/2017,248,901,1281
01/06/2017,86,598,730
02/06/2017,206,1323,1639
03/06/2017,123,690,879
04/06/2017,53,344,425
05/06/2017,54,331,414
06/06/2017,125,455,647
07/06/2017,126,444,637
08/06/2017,60,413,506
09/06/2017,76,468,585
10/06/2017,50,337,414
11/06/2017,47,281,353
12/06/2017,141,629,845
13/06/2017,244,954,1327
14/06/2017,218,1240,1573
15/06/2017,150,955,1184
16/06/2017,294,999,1449
17/06/2017,160,794,1040
18/06/2017,45,621,689
19/06/2017,130,1244,1444
20/06/2017,235,1402,1763
21/06/2017,387,1021,1615
22/06/2017,261,657,1058
23/06/2017,264,440,844
24/06/2017,235,313,674
25/06/2017,252,303,689
26/06/2017,265,745,1152
27/06/2017,378,1262,1841
28/06/2017,328,913,1416
29/06/2017,211,855,1178
30/06/2017,258,901,1297
01/07/2017,175,692,961
02/07/2017,147,624,849
03/07/2017,188,765,1053
04/07/2017,228,785,1134
05/07/2017,222,938,1279
06/07/2017,347,1370,1903
07/07/2017,194,899,1197
08/07/2017,207,692,1009
09/07/2017,42,430,494
10/07/2017,176,820,1090
11/07/2017,118,575,756
12/07/2017,316,771,1255
13/07/2017,104,623,782
14/07/2017,441,867,1544
15/07/2017,162,547,796
16/07/2017,267,443,852
17/07/2017,174,714,981
18/07/2017,121,905,1090
19/07/2017,73,613,725
20/07/2017,225,528,873
21/07/2017,97,448,597
22/07/2017,82,475,602
23/07/2017,307,739,1209
24/07/2017,393,924,1526
25/07/2017,256,914,1306
26/07/2017,164,659,910
27/07/2017,153,484,718
28/07/2017,84,310,439
29/07/2017,162,547,794
30/07/2017,77,272,390
31/07/2017,80,308,431
01/08/2017,115,491,668
02/08/2017,91,478,617
03/08/2017,58,272,360
04/08/2017,86,457,589
05/08/2017,276,869,1292
06/08/2017,60,393,485
07/08/2017,171,489,751
08/08/2017,374,902,1475
09/08/2017,557,1043,1896
10/08/2017,262,848,1249
11/08/2017,326,776,1277
12/08/2017,384,816,1405
13/08/2017,81,456,579
14/08/2017,84,704,832
15/08/2017,621,1377,2329
16/08/2017,234,494,853
18/08/2017,61,326,419
19/08/2017,259,750,1148
20/08/2017,86,489,621
21/08/2017,61,324,417
22/08/2017,75,521,636
23/08/2017,245,949,1324
24/08/2017,264,794,1200
25/08/2017,410,1049,1677
26/08/2017,173,1158,1423
27/08/2017,54,675,759
28/08/2017,41,735,797
29/08/2017,336,1008,1523
30/08/2017,320,864,1355
31/08/2017,327,892,1393
01/09/2017,467,1037,1754
02/09/2017,83,770,897
03/09/2017,47,570,643
04/09/2017,212,595,920
05/09/2017,151,560,792
06/09/2017,509,1177,1957
07/09/2017,252,776,1162
08/09/2017,176,709,979
09/09/2017,628,979,1941
10/09/2017,223,494,836
11/09/2017,164,621,873
12/09/2017,154,487,723
13/09/2017,161,605,852
14/09/2017,426,1036,1690
15/09/2017,499,1025,1789
16/09/2017,345,878,1407
17/09/2017,172,748,1011
18/09/2017,354,956,1498
19/09/2017,316,972,1455
20/09/2017,95,820,966
21/09/2017,165,843,1095
22/09/2017,480,904,1639
23/09/2017,92,814,955
24/09/2017,86,833,964
25/09/2017,355,1122,1667
26/09/2017,440,1084,1759
27/09/2017,399,1032,1644
28/09/2017,85,706,837
29/09/2017,133,851,1054
30/09/2017,60,652,744
01/10/2017,28,300,342
02/10/2017,99,636,788
03/10/2017,337,1108,1625
04/10/2017,124,735,926
05/10/2017,308,881,1353
06/10/2017,364,1164,1722
07/10/2017,176,726,995
08/10/2017,586,1058,1957
09/10/2017,395,1083,1689
10/10/2017,65,558,657
11/10/2017,61,479,572
12/10/2017,113,619,792
13/10/2017,64,517,615
14/10/2017,73,509,622
15/10/2017,80,725,848
16/10/2017,365,704,1263
17/10/2017,237,905,1269
18/10/2017,926,1027,2448
19/10/2017,434,736,1401
20/10/2017,81,580,704
21/10/2017,33,270,320
22/10/2017,154,752,989
23/10/2017,89,685,823
24/10/2017,57,450,538
25/10/2017,304,923,1389
26/10/2017,478,1114,1847
27/10/2017,680,1140,2182
28/10/2017,318,904,1392
29/10/2017,183,700,980
30/10/2017,609,1112,2045
31/10/2017,197,1010,1312
01/11/2017,293,1167,1617
02/11/2017,1870,1425,4293
03/11/2017,724,1260,2369
04/11/2017,571,1168,2043
05/11/2017,449,1144,1831
06/11/2017,671,1088,2117
07/11/2017,201,848,1157
08/11/2017,692,1170,2230
09/11/2017,797,1389,2611
10/11/2017,526,1280,2088
11/11/2017,336,1118,1633
12/11/2017,345,952,1480
13/11/2017,646,1128,2119
14/11/2017,298,1077,1534
15/11/2017,1023,1144,2713
16/11/2017,380,1114,1697
17/11/2017,1208,1698,3551
18/11/2017,593,1368,2277
19/11/2017,615,1393,2336
20/11/2017,130,843,1042
21/11/2017,70,573,680
22/11/2017,44,387,454
23/11/2017,149,688,917
24/11/2017,1514,1615,3936
25/11/2017,1525,1610,3949
26/11/2017,381,1074,1658
27/11/2017,528,1112,1921
28/11/2017,760,1272,2437
29/11/2017,494,1060,1817
30/11/2017,553,1190,2038
01/12/2017,550,1023,1867
02/12/2017,777,1328,2519
03/12/2017,800,1422,2649
04/12/2017,1079,1647,3301
05/12/2017,685,1523,2572
06/12/2017,113,779,952
07/12/2017,622,1057,2010
08/12/2017,673,1371,2403
09/12/2017,625,1557,2515
10/12/2017,412,1128,1760
11/12/2017,604,1167,2094
12/12/2017,1087,1558,3225
13/12/2017,321,1203,1696
14/12/2017,249,1106,1488
15/12/2017,617,1270,2217
16/12/2017,882,1451,2804
17/12/2017,351,1156,1694
18/12/2017,1362,1505,3594
19/12/2017,1749,1605,4287
20/12/2017,938,1284,2722
21/12/2017,424,1224,1875
22/12/2017,494,1215,1972
23/12/2017,151,681,913
24/12/2017,32,379,428
25/12/2017,22,171,206
26/12/2017,62,488,583
27/12/2017,400,858,1472
28/12/2017,621,1299,2251
29/12/2017,233,1088,1445
30/12/2017,135,725,932
31/12/2017,34,364,417
01/01/2018,396,1054,1661
02/01/2018,137,839,1050
03/01/2018,295,847,1299
04/01/2018,233,971,1328
05/01/2018,263,1279,1682
06/01/2018,1027,1460,3035
07/01/2018,261,826,1227
08/01/2018,859,1104,2421
09/01/2018,808,1057,2295
10/01/2018,881,1600,2950
11/01/2018,1119,1219,2936
12/01/2018,403,1079,1697
13/01/2018,294,947,1397
14/01/2018,252,998,1384
15/01/2018,233,1028,1386
16/01/2018,298,1203,1659
17/01/2018,486,1278,2023
18/01/2018,578,1230,2116
19/01/2018,230,1052,1404
20/01/2018,294,1126,1577
21/01/2018,410,1189,1818
22/01/2018,679,1223,2264
23/01/2018,65,601,701
24/01/2018,100,622,776
25/01/2018,100,771,925
26/01/2018,684,1247,2297
27/01/2018,150,828,1058
28/01/2018,120,565,749
29/01/2018,254,843,1233
30/01/2018,486,1258,2003
31/01/2018,176,779,1050
01/02/2018,632,1121,2090
02/02/2018,942,1215,2659
03/02/2018,593,1379,2289
04/02/2018,353,789,1330
05/02/2018,470,959,1679
06/02/2018,851,1247,2553
07/02/2018,895,1397,2770
08/02/2018,287,1112,1552
09/02/2018,683,1238,2285
10/02/2018,145,865,1088
11/02/2018,703,1375,2453
12/02/2018,341,1086,1608
13/02/2018,187,839,1125
14/02/2018,347,985,1516
15/02/2018,226,1038,1384
16/02/2018,225,1071,1417
17/02/2018,599,1215,2133
18/02/2018,262,880,1282
19/02/2018,659,1061,2072
20/02/2018,407,928,1552
21/02/2018,485,1114,1859
22/02/2018,439,1228,1901
23/02/2018,476,1294,2023
24/02/2018,405,1199,1820
25/02/2018,271,904,1319
26/02/2018,122,335,523
27/02/2018,218,684,1018
28/02/2018,435,1156,1824
01/03/2018,277,831,1255
02/03/2018,429,1092,1750
03/03/2018,542,1219,2050
04/03/2018,368,1069,1633
05/03/2018,274,1019,1439
06/03/2018,154,952,1188
07/03/2018,655,1536,2541
08/03/2018,180,853,1129
09/03/2018,454,1271,1967
10/03/2018,76,763,879
11/03/2018,673,1546,2577
12/03/2018,818,1361,2614
13/03/2018,430,1124,1784
14/03/2018,221,904,1244
15/03/2018,276,1109,1533
16/03/2018,265,899,1305
17/03/2018,242,627,998
18/03/2018,241,762,1131
19/03/2018,288,886,1328
20/03/2018,357,1261,1808
21/03/2018,757,1685,2846
22/03/2018,356,1148,1694
23/03/2018,84,627,756
24/03/2018,293,1045,1494
25/03/2018,353,1165,1706
26/03/2018,269,1134,1547
27/03/2018,367,1216,1778
28/03/2018,381,1398,1982
29/03/2018,166,1055,1309
30/03/2018,297,1072,1527
31/03/2018,350,868,1405
01/04/2018,234,862,1221
02/04/2018,101,714,868
03/04/2018,47,547,620
04/04/2018,113,694,868
05/04/2018,272,845,1263
06/04/2018,155,967,1204
07/04/2018,339,1107,1627
08/04/2018,162,981,1229
09/04/2018,411,1365,1995
10/04/2018,351,1282,1820
11/04/2018,489,1089,1839
12/04/2018,556,1042,1895
13/04/2018,162,849,1097
14/04/2018,262,1223,1624
15/04/2018,150,870,1100
16/04/2018,49,575,650
17/04/2018,50,563,640
18/04/2018,178,1101,1374
19/04/2018,695,1640,2706
20/04/2018,336,1348,1864
21/04/2018,241,1532,1902
22/04/2018,108,834,1000
23/04/2018,112,618,790
24/04/2018,79,492,614
25/04/2018,155,738,977
26/04/2018,134,659,865
27/04/2018,198,1010,1313
28/04/2018,161,905,1151
29/04/2018,135,614,821
30/04/2018,432,1141,1803
01/05/2018,286,906,1345
02/05/2018,249,1064,1446
03/05/2018,385,1199,1789
04/05/2018,160,1040,1285
05/05/2018,238,1337,1701
06/05/2018,59,1162,1252
07/05/2018,62,1426,1522
08/05/2018,456,1560,2259
09/05/2018,134,746,952
10/05/2018,188,810,1098
11/05/2018,69,747,853
12/05/2018,84,810,938
13/05/2018,192,994,1288
14/05/2018,186,927,1212
15/05/2018,218,1078,1412
16/05/2018,228,760,1111
17/05/2018,201,729,1038
18/05/2018,147,878,1103
19/05/2018,176,1034,1303
20/05/2018,169,974,1234
21/05/2018,138,1189,1402
22/05/2018,139,855,1069
23/05/2018,158,864,1106
24/05/2018,222,1020,1360
25/05/2018,127,1035,1230
26/05/2018,82,759,885
27/05/2018,45,631,700
28/05/2018,76,795,911
29/05/2018,160,853,1100
30/05/2018,137,1012,1222
31/05/2018,157,1128,1370
01/06/2018,44,696,764
02/06/2018,37,633,691
03/06/2018,77,827,945
04/06/2018,118,735,915
05/06/2018,128,656,852
06/06/2018,154,787,1024
07/06/2018,202,931,1240
08/06/2018,117,678,858
09/06/2018,72,574,684
10/06/2018,77,526,645
11/06/2018,130,664,863
12/06/2018,193,780,1077
13/06/2018,106,633,795
14/06/2018,82,511,636
15/06/2018,77,541,659
16/06/2018,28,319,361
17/06/2018,22,189,222
18/06/2018,56,321,407
19/06/2018,109,351,517
20/06/2018,157,372,613
21/06/2018,200,596,903
22/06/2018,197,721,1023
23/06/2018,174,914,1181
24/06/2018,64,684,782
25/06/2018,64,915,1014
26/06/2018,169,1028,1288
27/06/2018,170,773,1034
28/06/2018,143,668,887
29/06/2018,151,746,977
30/06/2018,78,533,653
01/07/2018,50,688,765
02/07/2018,84,706,835
03/07/2018,104,686,845
04/07/2018,110,782,951
05/07/2018,94,1060,1204
06/07/2018,89,1019,1156
07/07/2018,82,913,1038
08/07/2018,47,715,787
09/07/2018,168,967,1224
10/07/2018,188,584,873
11/07/2018,171,638,901
12/07/2018,130,832,1032
13/07/2018,122,904,1091
14/07/2018,41,607,670
15/07/2018,47,653,725
16/07/2018,79,716,837
17/07/2018,48,349,423
18/07/2018,62,537,632
19/07/2018,98,1026,1176
20/07/2018,70,791,898
21/07/2018,50,719,795
22/07/2018,52,616,696
23/07/2018,60,551,643
24/07/2018,55,476,561
25/07/2018,155,857,1094
26/07/2018,164,1142,1393
27/07/2018,106,819,982
28/07/2018,35,208,261
29/07/2018,44,229,295
30/07/2018,69,298,405
31/07/2018,58,382,471
01/08/2018,94,474,618
02/08/2018,63,558,656
03/08/2018,135,832,1039
04/08/2018,112,595,768
05/08/2018,42,497,562
06/08/2018,133,411,615
07/08/2018,13,293,313
08/08/2018,42,346,411
09/08/2018,197,785,1087
10/08/2018,114,605,780
11/08/2018,104,616,776
12/08/2018,32,336,385
13/08/2018,110,526,694
14/08/2018,131,532,732
15/08/2018,40,317,378
16/08/2018,84,412,540
17/08/2018,130,505,705
18/08/2018,41,317,379
19/08/2018,41,235,298
20/08/2018,93,411,553
21/08/2018,70,474,581
22/08/2018,73,471,582
23/08/2018,111,392,563
24/08/2018,79,447,567
25/08/2018,152,593,826
26/08/2018,92,620,761
27/08/2018,38,312,371
28/08/2018,62,478,572
29/08/2018,232,965,1321
30/08/2018,160,662,907
31/08/2018,165,776,1029
01/09/2018,147,711,937
02/09/2018,124,755,946
03/09/2018,193,1153,1449
04/09/2018,181,944,1222
05/09/2018,163,860,1110
06/09/2018,234,758,1117
07/09/2018,140,822,1037
08/09/2018,61,617,711
09/09/2018,33,431,481
10/09/2018,59,422,513
11/09/2018,54,364,447
12/09/2018,338,875,1393
13/09/2018,641,982,1965
14/09/2018,87,709,842
15/09/2018,55,489,574
16/09/2018,30,379,424
17/09/2018,45,561,630
18/09/2018,35,328,381
19/09/2018,38,319,376
20/09/2018,42,324,388
21/09/2018,53,366,447
22/09/2018,91,622,761
23/09/2018,186,742,1026
24/09/2018,686,1091,2143
25/09/2018,1676,1348,3918
26/09/2018,110,1123,1292
27/09/2018,203,1233,1543
28/09/2018,240,772,1141
29/09/2018,458,1170,1872
30/09/2018,217,906,1238
01/10/2018,225,761,1107
02/10/2018,154,609,846
03/10/2018,287,860,1300
04/10/2018,135,589,796
05/10/2018,398,1017,1627
06/10/2018,202,758,1068
07/10/2018,148,792,1019
08/10/2018,84,731,860
09/10/2018,138,977,1189
10/10/2018,928,1703,3126
11/10/2018,80,661,783
12/10/2018,47,433,505
13/10/2018,43,448,513
14/10/2018,123,580,768
15/10/2018,323,906,1400
16/10/2018,145,660,882
17/10/2018,424,1003,1654
18/10/2018,293,909,1358
19/10/2018,545,1380,2216
20/10/2018,1452,1509,3735
21/10/2018,271,965,1381
22/10/2018,424,1044,1694
23/10/2018,408,1143,1768
24/10/2018,357,991,1538
25/10/2018,373,1116,1688
26/10/2018,248,1005,1385
27/10/2018,240,751,1119
28/10/2018,220,704,1041
29/10/2018,445,959,1641
30/10/2018,435,903,1569
31/10/2018,976,1257,2754
01/11/2018,569,1206,2078
02/11/2018,681,1407,2452
03/11/2018,88,863,998
04/11/2018,131,740,941
05/11/2018,1637,1179,3689
06/11/2018,456,847,1546
07/11/2018,115,573,748
08/11/2018,154,847,1083
09/11/2018,232,761,1117
10/11/2018,82,729,855
11/11/2018,43,581,646
12/11/2018,93,827,969
13/11/2018,83,758,885
14/11/2018,219,860,1197
15/11/2018,333,907,1418
16/11/2018,658,809,1819
17/11/2018,680,1057,2100
18/11/2018,304,873,1340
19/11/2018,312,668,1146
20/11/2018,447,834,1520
21/11/2018,892,1060,2427
22/11/2018,1874,1244,4118
23/11/2018,1218,1191,3059
24/11/2018,596,1063,1977
25/11/2018,307,739,1209
26/11/2018,583,980,1874
27/11/2018,656,1050,2056
28/11/2018,67,703,806
29/11/2018,53,567,649
30/11/2018,97,787,936
01/12/2018,53,659,740
02/12/2018,42,437,501
03/12/2018,79,417,538
04/12/2018,250,629,1011
05/12/2018,336,938,1453
06/12/2018,68,675,780
07/12/2018,170,707,967
08/12/2018,75,524,639
09/12/2018,258,823,1219
10/12/2018,537,1343,2167
11/12/2018,1217,1365,3231
12/12/2018,391,1002,1601
13/12/2018,1047,1130,2735
14/12/2018,589,1011,1914
15/12/2018,232,759,1114
16/12/2018,97,864,1013
17/12/2018,210,989,1312
18/12/2018,90,580,718
19/12/2018,69,829,935
20/12/2018,68,725,829
21/12/2018,72,645,755
22/12/2018,123,855,1043
23/12/2018,101,755,910
24/12/2018,557,1114,1968
25/12/2018,1413,1131,3297
26/12/2018,103,761,917
27/12/2018,2889,1607,6037
28/12/2018,1705,1311,3925
29/12/2018,220,953,1290
30/12/2018,288,999,1440
31/12/2018,192,865,1159
01/01/2019,201,893,1201
02/01/2019,242,1025,1395
03/01/2019,186,1004,1288
04/01/2019,327,1049,1550
05/01/2019,323,1238,1733
06/01/2019,346,1321,1852
07/01/2019,187,1126,1413
08/01/2019,358,1069,1618
09/01/2019,370,1149,1717
10/01/2019,889,1454,2817
11/01/2019,518,1302,2096
12/01/2019,191,1004,1297
13/01/2019,130,695,894
14/01/2019,347,1130,1663
15/01/2019,87,871,1004
16/01/2019,98,750,900
17/01/2019,468,1223,1941
18/01/2019,470,1261,1982
19/01/2019,327,911,1411
20/01/2019,591,1225,2132
21/01/2019,655,1017,2021
22/01/2019,299,1154,1613
23/01/2019,715,1276,2373
24/01/2019,1359,1660,3744
25/01/2019,479,1325,2059
26/01/2019,44,569,637
27/01/2019,192,621,916
28/01/2019,51,204,283
29/01/2019,87,382,516
30/01/2019,688,1352,2407
31/01/2019,1712,1518,4143
01/02/2019,455,1011,1709
02/02/2019,338,905,1423
03/02/2019,222,897,1237
04/02/2019,155,798,1036
05/02/2019,184,846,1129
06/02/2019,118,820,1000
07/02/2019,76,539,656
08/02/2019,37,421,478
09/02/2019,41,364,427
10/02/2019,195,832,1132
11/02/2019,300,1017,1476
12/02/2019,151,906,1138
13/02/2019,113,793,967
14/02/2019,545,1268,2103
15/02/2019,863,1364,2687
16/02/2019,123,976,1164
17/02/2019,98,739,890
18/02/2019,94,789,933
19/02/2019,93,688,831
20/02/2019,68,583,687
21/02/2019,72,700,810
22/02/2019,1012,1362,2914
23/02/2019,669,1095,2121
24/02/2019,1147,1547,3306
25/02/2019,1797,1951,4706
26/02/2019,2222,2152,5560
27/02/2019,1406,1806,3963
28/02/2019,194,1160,1458
01/03/2019,247,1041,1420
02/03/2019,68,482,585
03/03/2019,22,235,269
04/03/2019,138,611,823
05/03/2019,57,514,601
06/03/2019,50,468,543
07/03/2019,113,595,768
08/03/2019,116,751,928
09/03/2019,77,567,685
10/03/2019,129,652,849
11/03/2019,212,865,1189
12/03/2019,88,582,716
13/03/2019,192,777,1072
14/03/2019,161,768,1015
15/03/2019,111,564,734
16/03/2019,23,225,260
17/03/2019,174,860,1126
18/03/2019,322,1303,1796
19/03/2019,115,851,1028
20/03/2019,104,758,918
21/03/2019,209,835,1154
22/03/2019,58,563,652
23/03/2019,276,1048,1470
24/03/2019,184,1004,1286
25/03/2019,211,915,1238
26/03/2019,361,1390,1943
27/03/2019,253,1138,1525
28/03/2019,159,1111,1354
29/03/2019,406,1243,1866
30/03/2019,825,1402,2666
31/03/2019,97,587,736
01/04/2019,204,896,1209
02/04/2019,223,1100,1441
03/04/2019,254,1103,1492
04/04/2019,95,689,835
05/04/2019,153,856,1091
06/04/2019,130,683,883
07/04/2019,204,709,1022
08/04/2019,335,1140,1654
09/04/2019,232,893,1249
10/04/2019,164,612,863
11/04/2019,154,811,1047
12/04/2019,164,868,1120
13/04/2019,120,690,874
14/04/2019,100,695,849
15/04/2019,242,1117,1488
16/04/2019,403,1425,2042
17/04/2019,271,1286,1702
18/04/2019,294,1231,1683
19/04/2019,106,1088,1250
20/04/2019,69,925,1031
21/04/2019,62,1029,1125
22/04/2019,119,1440,1623
23/04/2019,285,1414,1852
24/04/2019,206,941,1257
25/04/2019,43,446,512
26/04/2019,44,444,512
27/04/2019,136,638,847
28/04/2019,133,719,923
29/04/2019,206,926,1242
30/04/2019,175,1102,1371
01/05/2019,177,1074,1346
02/05/2019,205,1014,1328
03/05/2019,230,920,1273
04/05/2019,129,591,789
05/05/2019,80,534,656
06/05/2019,225,895,1240
07/05/2019,63,547,643
08/05/2019,72,667,777
09/05/2019,185,891,1175
10/05/2019,73,510,622
11/05/2019,83,732,859
12/05/2019,97,699,847
13/05/2019,166,850,1105
14/05/2019,274,961,1381
15/05/2019,237,1066,1430
16/05/2019,202,865,1175
17/05/2019,129,686,883
18/05/2019,94,867,1011
19/05/2019,93,734,877
20/05/2019,129,812,1009
21/05/2019,113,693,866
22/05/2019,68,568,672
23/05/2019,54,483,566
24/05/2019,106,673,835
25/05/2019,128,601,797
26/05/2019,33,256,307
27/05/2019,51,386,463
28/05/2019,126,533,726
29/05/2019,49,425,500
30/05/2019,55,287,370
31/05/2019,47,261,332
01/06/2019,64,348,445
02/06/2019,22,234,268
03/06/2019,31,226,274
04/06/2019,137,649,859
05/06/2019,28,217,259
06/06/2019,46,316,388
07/06/2019,186,858,1143
08/06/2019,31,159,208
09/06/2019,33,228,279
10/06/2019,171,728,990
11/06/2019,126,529,722
12/06/2019,105,641,801
13/06/2019,42,407,471
14/06/2019,41,316,378
15/06/2019,35,280,333
16/06/2019,33,185,236
17/06/2019,36,254,309
18/06/2019,112,794,965
19/06/2019,94,664,809
20/06/2019,61,417,511
21/06/2019,92,491,632
22/06/2019,42,458,523
23/06/2019,57,630,717
24/06/2019,105,748,909
25/06/2019,113,756,929
26/06/2019,110,403,572
27/06/2019,101,365,521
28/06/2019,161,623,869
29/06/2019,125,662,854
30/06/2019,31,189,236
01/07/2019,85,315,445
02/07/2019,112,447,618
03/07/2019,131,655,856
04/07/2019,115,675,852
05/07/2019,65,527,626
06/07/2019,112,423,595
07/07/2019,86,384,516
08/07/2019,122,592,779
09/07/2019,58,452,542
10/07/2019,71,421,529
11/07/2019,84,450,579
12/07/2019,126,422,616
13/07/2019,98,326,477
14/07/2019,74,276,390
15/07/2019,76,269,386
16/07/2019,79,513,635
17/07/2019,48,396,469
18/07/2019,83,416,544
19/07/2019,92,421,562
20/07/2019,46,185,256
21/07/2019,35,193,246
22/07/2019,41,193,256
23/07/2019,159,968,1212
24/07/2019,28,391,434
30/07/2019,19,212,241
31/07/2019,60,356,447
01/08/2019,99,634,786
02/08/2019,105,655,817
03/08/2019,95,604,749
04/08/2019,60,548,640
05/08/2019,39,329,389
06/08/2019,33,243,293
07/08/2019,40,317,378
08/08/2019,50,365,442
09/08/2019,42,335,400
10/08/2019,27,156,198
11/08/2019,25,196,234
12/08/2019,102,706,862
13/08/2019,79,494,614
14/08/2019,66,533,634
15/08/2019,89,491,628
16/08/2019,71,447,555
17/08/2019,33,207,257
18/08/2019,27,212,254
19/08/2019,42,334,397
20/08/2019,48,502,576
21/08/2019,41,428,490
22/08/2019,30,319,364
23/08/2019,154,810,1046
24/08/2019,177,1288,1559
25/08/2019,67,1221,1324
26/08/2019,68,1039,1144
27/08/2019,136,1229,1437
28/08/2019,31,341,388
29/08/2019,50,351,429
30/08/2019,35,326,379
31/08/2019,32,339,387
01/09/2019,48,336,409
02/09/2019,56,461,547
03/09/2019,38,346,405
04/09/2019,77,336,454
05/09/2019,153,669,904
06/09/2019,68,589,694
07/09/2019,123,540,727
08/09/2019,56,470,557
09/09/2019,48,582,655
10/09/2019,256,857,1249
11/09/2019,52,383,463
12/09/2019,65,336,437
13/09/2019,208,723,1042
14/09/2019,113,947,1121
15/09/2019,89,751,888
16/09/2019,202,679,989
17/09/2019,169,623,882
18/09/2019,181,828,1106
19/09/2019,382,1099,1685
20/09/2019,470,1351,2072
21/09/2019,477,1577,2308
22/09/2019,61,639,732
23/09/2019,39,282,342
24/09/2019,59,459,549
25/09/2019,72,384,495
26/09/2019,47,399,471
27/09/2019,46,350,421
28/09/2019,28,246,289
29/09/2019,48,249,322
30/09/2019,82,478,603
01/10/2019,121,549,734
02/10/2019,298,837,1294
03/10/2019,533,920,1738
04/10/2019,168,740,997
05/10/2019,134,737,941
06/10/2019,111,500,671
07/10/2019,114,594,769
08/10/2019,55,402,487
09/10/2019,54,390,473
10/10/2019,74,392,505
11/10/2019,40,403,464
12/10/2019,51,619,697
13/10/2019,51,517,596
14/10/2019,352,863,1403
15/10/2019,109,567,735
16/10/2019,268,947,1358
17/10/2019,93,759,901
18/10/2019,48,422,495
19/10/2019,115,693,870
20/10/2019,192,775,1070
21/10/2019,222,760,1100
22/10/2019,341,983,1506
23/10/2019,1513,1310,3630
24/10/2019,535,942,1762
25/10/2019,92,488,630
26/10/2019,45,323,392
27/10/2019,143,736,956
28/10/2019,345,950,1480
29/10/2019,210,946,1269
30/10/2019,539,1210,2036
31/10/2019,882,1193,2545
01/11/2019,196,800,1101
02/11/2019,33,262,312
03/11/2019,77,616,733
04/11/2019,333,840,1352
05/11/2019,471,914,1637
06/11/2019,293,903,1352
07/11/2019,151,749,980
08/11/2019,941,1143,2586
09/11/2019,418,960,1600
10/11/2019,231,875,1229
11/11/2019,204,916,1229
12/11/2019,249,809,1192
13/11/2019,446,1068,1752
14/11/2019,307,997,1467
15/11/2019,409,859,1486
16/11/2019,422,943,1591
17/11/2019,976,1236,2732
18/11/2019,399,1050,1662
19/11/2019,1144,1429,3183
20/11/2019,365,1010,1570
21/11/2019,1033,1060,2644
22/11/2019,502,1095,1865
23/11/2019,708,1133,2219
24/11/2019,644,762,1750
25/11/2019,132,713,916
26/11/2019,63,642,739
27/11/2019,155,838,1076
28/11/2019,423,906,1554
29/11/2019,559,1071,1928
30/11/2019,1067,1364,3000
01/12/2019,238,888,1252
02/12/2019,1094,1468,3145
03/12/2019,582,1363,2254
04/12/2019,1490,1537,3822
05/12/2019,768,987,2164
06/12/2019,197,665,967
07/12/2019,111,585,755
08/12/2019,52,284,364
09/12/2019,642,1103,2088
10/12/2019,86,643,775
11/12/2019,209,873,1193
12/12/2019,113,850,1024
13/12/2019,733,1194,2318
14/12/2019,221,758,1097
15/12/2019,40,346,407
16/12/2019,248,952,1331
17/12/2019,275,1068,1490
18/12/2019,143,880,1099
19/12/2019,78,473,592
20/12/2019,179,862,1136
21/12/2019,66,504,606
22/12/2019,172,727,990
23/12/2019,216,782,1113
24/12/2019,157,591,831
25/12/2019,413,941,1573
26/12/2019,240,715,1084
27/12/2019,460,816,1520
28/12/2019,123,645,832
29/12/2019,94,531,675
30/12/2019,522,851,1651
31/12/2019,577,921,1807
01/01/2020,360,902,1455
02/01/2020,47,511,583
03/01/2020,538,1056,1882
04/01/2020,386,1111,1703
05/01/2020,73,544,656
06/01/2020,80,609,732
07/01/2020,60,632,724
08/01/2020,213,807,1133
09/01/2020,53,464,545
10/01/2020,251,949,1334
11/01/2020,26,356,395
12/01/2020,107,489,653
13/01/2020,46,408,478
14/01/2020,40,419,480
15/01/2020,174,827,1094
16/01/2020,71,617,726
17/01/2020,227,855,1203
18/01/2020,560,1312,2170
19/01/2020,401,1208,1824
20/01/2020,1731,1827,4482
21/01/2020,2216,1866,5264
22/01/2020,300,460,920
23/01/2020,126,705,898
24/01/2020,472,1213,1937
25/01/2020,82,757,883
26/01/2020,53,609,690
27/01/2020,92,818,959
28/01/2020,330,1000,1506
29/01/2020,203,866,1177
30/01/2020,146,764,988
31/01/2020,55,529,614
01/02/2020,158,611,853
02/02/2020,121,587,772
03/02/2020,442,1076,1754
04/02/2020,544,1294,2128
05/02/2020,581,1319,2211
06/02/2020,1156,1546,3318
07/02/2020,584,1136,2031
08/02/2020,48,531,605
09/02/2020,47,234,306
10/02/2020,298,791,1248
11/02/2020,311,830,1307
12/02/2020,189,835,1126
13/02/2020,652,1215,2215
14/02/2020,350,967,1503
15/02/2020,30,294,340
16/02/2020,43,322,387
17/02/2020,214,616,944
18/02/2020,149,724,953
19/02/2020,338,1018,1536
20/02/2020,417,886,1526
21/02/2020,60,470,562
22/02/2020,258,621,1017
23/02/2020,356,733,1280
24/02/2020,196,658,959
25/02/2020,393,922,1525
26/02/2020,815,1407,2656
27/02/2020,439,1138,1810
28/02/2020,76,748,866
29/02/2020,175,513,781
01/03/2020,79,384,505
02/03/2020,396,1051,1659
03/03/2020,873,1295,2633
04/03/2020,205,1100,1414
05/03/2020,281,874,1305
06/03/2020,485,1245,1988
07/03/2020,140,726,940
08/03/2020,46,335,405
09/03/2020,269,737,1149
10/03/2020,326,634,1133
11/03/2020,264,665,1070
12/03/2020,329,702,1206
13/03/2020,605,1056,1984
14/03/2020,43,399,465
15/03/2020,339,670,1190
16/03/2020,550,1053,1896
17/03/2020,47,413,485
18/03/2020,54,397,479
19/03/2020,120,598,783
20/03/2020,81,390,514
21/03/2020,116,521,699
22/03/2020,117,584,763
23/03/2020,309,1109,1584
24/03/2020,51,591,670
25/03/2020,359,1221,1771
26/03/2020,119,773,955
27/03/2020,70,587,695
28/03/2020,43,312,377
29/03/2020,39,225,285
30/03/2020,79,475,596
31/03/2020,99,579,730
01/04/2020,80,679,801
02/04/2020,1027,1549,3123
03/04/2020,348,944,1477
04/04/2020,36,488,544
05/04/2020,28,319,361
06/04/2020,423,1095,1744
07/04/2020,133,920,1125
08/04/2020,144,1215,1435
09/04/2020,189,1248,1538
10/04/2020,164,1154,1405
11/04/2020,167,1036,1292
12/04/2020,50,571,648
13/04/2020,43,226,291
14/04/2020,58,423,513
15/04/2020,96,885,1033
16/04/2020,118,1038,1219
17/04/2020,79,538,658
18/04/2020,72,520,629
19/04/2020,50,399,475
20/04/2020,73,440,552
21/04/2020,68,478,581
22/04/2020,76,603,720
23/04/2020,90,782,921
24/04/2020,69,697,804
25/04/2020,80,526,649
26/04/2020,35,404,459
27/04/2020,138,654,865
28/04/2020,73,515,627
29/04/2020,32,331,380
30/04/2020,27,279,321
01/05/2020,351,812,1350
02/05/2020,371,905,1474
03/05/2020,36,455,510
04/05/2020,61,540,634
05/05/2020,85,559,690
06/05/2020,65,613,713
07/05/2020,91,663,802
08/05/2020,31,604,651
09/05/2020,52,996,1075
10/05/2020,41,386,449
11/05/2020,74,307,421
12/05/2020,117,595,774
13/05/2020,64,379,477
14/05/2020,89,470,606
15/05/2020,101,685,840
16/05/2020,237,941,1305
17/05/2020,265,820,1227
18/05/2020,310,944,1419
19/05/2020,306,1014,1483
20/05/2020,103,525,682
21/05/2020,103,634,792
22/05/2020,33,235,286
23/05/2020,146,420,644
24/05/2020,176,626,895
25/05/2020,71,514,624
26/05/2020,126,682,876
27/05/2020,82,693,819
28/05/2020,102,529,685
29/05/2020,103,620,777
30/05/2020,60,496,588
31/05/2020,59,397,487
01/06/2020,73,559,670
02/06/2020,68,542,645
03/06/2020,55,641,726
04/06/2020,299,660,1120
05/06/2020,751,1141,2292
06/06/2020,471,715,1437
07/06/2020,546,726,1563
08/06/2020,67,363,466
09/06/2020,59,428,519
10/06/2020,32,357,406
11/06/2020,79,470,592
12/06/2020,124,751,942
13/06/2020,76,615,731
14/06/2020,44,371,438
15/06/2020,127,521,716
16/06/2020,34,322,373
17/06/2020,84,691,820
18/06/2020,61,446,539
19/06/2020,29,232,277
20/06/2020,28,211,254
21/06/2020,231,535,890
22/06/2020,59,262,352
23/06/2020,55,455,539
24/06/2020,93,1026,1169
25/06/2020,63,888,984
26/06/2020,24,450,488
27/06/2020,22,129,162
28/06/2020,24,110,147
29/06/2020,67,226,329
30/06/2020,59,244,335
01/07/2020,50,221,298
02/07/2020,160,553,799
03/07/2020,59,285,376
04/07/2020,36,193,249
05/07/2020,57,190,278
06/07/2020,161,542,790
07/07/2020,134,537,741
08/07/2020,158,476,718
09/07/2020,80,298,422
10/07/2020,163,547,797
11/07/2020,176,602,873
12/07/2020,71,510,619
13/07/2020,109,552,720
14/07/2020,120,493,677
15/07/2020,285,676,1113
16/07/2020,186,526,810
17/07/2020,202,689,998
18/07/2020,146,480,705
19/07/2020,103,391,549
20/07/2020,83,431,558
21/07/2020,51,424,503
22/07/2020,33,339,390
23/07/2020,33,344,395
24/07/2020,38,219,278
27/07/2020,20,123,153
28/07/2020,121,474,659
29/07/2020,98,501,651
30/07/2020,61,598,691
31/07/2020,80,770,892
01/08/2020,34,220,273
02/08/2020,38,223,281
03/08/2020,62,246,340
04/08/2020,13,92,111
05/08/2020,45,184,253
06/08/2020,40,378,439
07/08/2020,225,1255,1601
08/08/2020,180,997,1273
09/08/2020,34,418,470
10/08/2020,53,721,802
11/08/2020,46,919,989
12/08/2020,33,952,1002
13/08/2020,47,583,656
14/08/2020,40,238,299
18/08/2020,13,172,192
19/08/2020,71,508,617
20/08/2020,40,311,373
21/08/2020,40,208,268
22/08/2020,135,255,462
23/08/2020,65,256,355
24/08/2020,75,347,462
25/08/2020,31,214,262
26/08/2020,79,405,525
27/08/2020,81,582,706
28/08/2020,120,480,663
29/08/2020,110,394,563
30/08/2020,75,396,511
31/08/2020,192,623,918
01/09/2020,265,828,1234
02/09/2020,40,561,622
03/09/2020,62,349,445
04/09/2020,72,431,542
05/09/2020,123,628,817
06/09/2020,92,510,651
07/09/2020,146,535,759
08/09/2020,99,320,472
09/09/2020,182,524,803
10/09/2020,203,644,955
11/09/2020,103,636,794
12/09/2020,160,401,647
13/09/2020,429,388,1046
14/09/2020,351,1213,1751
15/09/2020,99,575,727
30/09/2020,9,214,228
26/11/2020,280,766,1195
27/11/2020,1100,1406,3093
28/11/2020,531,1416,2230
29/11/2020,271,1235,1650
30/11/2020,376,1027,1603
01/12/2020,195,1004,1303
02/12/2020,685,1455,2505
03/12/2020,99,1054,1207
04/12/2020,246,1028,1406
05/12/2020,121,899,1085
06/12/2020,221,1004,1344
07/12/2020,524,1219,2022
08/12/2020,793,1328,2543
09/12/2020,220,1108,1445
10/12/2020,116,804,983
11/12/2020,292,1168,1615
12/12/2020,955,1576,3040
13/12/2020,47,712,785
14/12/2020,43,650,716
15/12/2020,56,848,935
16/12/2020,93,757,900
17/12/2020,52,615,694
18/12/2020,33,437,487
19/12/2020,32,451,500
20/12/2020,31,516,564
21/12/2020,52,485,565
22/12/2020,502,1090,1859
23/12/2020,45,548,617
24/12/2020,113,505,679
25/12/2020,158,728,970
26/12/2020,19,332,362
27/12/2020,105,614,775
28/12/2020,142,857,1075
29/12/2020,293,942,1392
30/12/2020,823,1493,2755
31/12/2020,229,971,1323
01/01/2021,880,1281,2630
02/01/2021,157,783,1023
03/01/2021,116,615,794
04/01/2021,114,529,704
05/01/2021,101,483,638
06/01/2021,207,710,1028
07/01/2021,881,1280,2630
08/01/2021,458,1034,1737
09/01/2021,583,1118,2013
10/01/2021,382,1043,1629
11/01/2021,58,506,594
12/01/2021,236,1059,1420
13/01/2021,471,1241,1963
14/01/2021,192,1055,1351
15/01/2021,444,1175,1855
16/01/2021,378,1183,1763
17/01/2021,493,1310,2066
18/01/2021,63,759,856
19/01/2021,29,408,451
20/01/2021,17,260,287
21/01/2021,62,372,467
22/01/2021,136,719,927
23/01/2021,347,1049,1581
24/01/2021,194,1058,1355
25/01/2021,708,1377,2463
26/01/2021,126,811,1004
27/01/2021,217,930,1262
28/01/2021,88,590,724
29/01/2021,223,714,1055
30/01/2021,117,508,686
31/01/2021,185,626,909
01/02/2021,204,696,1009
02/02/2021,96,511,659
03/02/2021,186,813,1098
04/02/2021,79,716,837
05/02/2021,60,547,639
06/02/2021,150,619,849
07/02/2021,55,280,365
08/02/2021,104,471,631
09/02/2021,68,351,455
10/02/2021,131,704,904
11/02/2021,214,944,1271
12/02/2021,228,932,1282
13/02/2021,96,565,713
14/02/2021,37,454,511
15/02/2021,60,627,719
16/02/2021,45,493,562
17/02/2021,34,367,420
18/02/2021,79,469,590
19/02/2021,40,479,540
20/02/2021,37,364,420
21/02/2021,45,522,592
22/02/2021,189,1022,1312
23/02/2021,50,473,550
24/02/2021,46,436,508
25/02/2021,441,1172,1848
26/02/2021,290,1131,1576
27/02/2021,240,1095,1464
28/02/2021,95,687,832
01/03/2021,183,770,1050
02/03/2021,392,825,1426
03/03/2021,775,1114,2302
04/03/2021,153,784,1019
05/03/2021,105,608,768
06/03/2021,62,633,728
07/03/2021,61,744,837
08/03/2021,345,1388,1917
09/03/2021,588,1222,2124
10/03/2021,29,324,369
11/03/2021,136,431,639
12/03/2021,55,331,415
13/03/2021,224,679,1021
14/03/2021,496,1194,1955
15/03/2021,156,898,1138
16/03/2021,282,875,1307
17/03/2021,180,809,1085
18/03/2021,203,831,1142
19/03/2021,98,562,712
20/03/2021,278,830,1257
21/03/2021,74,529,643
22/03/2021,272,1006,1423
23/03/2021,58,620,709
24/03/2021,53,487,568
25/03/2021,95,501,646
26/03/2021,30,341,388
27/03/2021,42,309,372
28/03/2021,19,191,219
29/03/2021,31,404,452
30/03/2021,509,1361,2142
31/03/2021,812,1766,3010
01/04/2021,246,675,1052
02/04/2021,51,300,378
03/04/2021,55,370,454
04/04/2021,51,480,559
05/04/2021,114,599,773
06/04/2021,151,674,907
07/04/2021,369,1289,1855
08/04/2021,53,520,601
09/04/2021,103,634,792
10/04/2021,56,465,551
11/04/2021,74,561,674
12/04/2021,95,927,1072
13/04/2021,221,1163,1502
14/04/2021,138,899,1110
15/04/2021,116,708,886
16/04/2021,96,759,907
17/04/2021,72,660,770
18/04/2021,58,646,735
19/04/2021,177,1025,1297
20/04/2021,156,1222,1462
21/04/2021,112,1006,1177
22/04/2021,83,557,684
23/04/2021,139,852,1065
24/04/2021,79,662,783
25/04/2021,49,358,433
26/04/2021,71,480,588
27/04/2021,111,984,1154
28/04/2021,96,781,928
29/04/2021,78,629,748
30/04/2021,70,659,766
01/05/2021,60,577,670
02/05/2021,55,647,731
03/05/2021,28,251,294
04/05/2021,153,761,996
05/05/2021,162,804,1052
06/05/2021,144,741,962
07/05/2021,170,845,1106
08/05/2021,27,315,356
09/05/2021,38,325,383
10/05/2021,28,255,297
11/05/2021,57,465,552
12/05/2021,27,294,335
13/05/2021,80,762,884
14/05/2021,63,586,682
15/05/2021,35,476,530
16/05/2021,30,347,394
17/05/2021,166,966,1220
18/05/2021,65,520,619
19/05/2021,139,867,1080
20/05/2021,40,403,465
21/05/2021,27,221,262
22/05/2021,107,702,865
23/05/2021,23,271,307
24/05/2021,47,539,612
25/05/2021,92,676,818
26/05/2021,221,949,1288
27/05/2021,210,1095,1417
28/05/2021,62,850,945
29/05/2021,47,604,675
30/05/2021,33,338,389
31/05/2021,40,447,508
01/06/2021,74,643,756
02/06/2021,63,809,906
03/06/2021,39,425,485
04/06/2021,82,562,688
05/06/2021,61,543,637
06/06/2021,50,433,510
07/06/2021,38,336,395
08/06/2021,83,436,563
09/06/2021,48,448,521
10/06/2021,51,274,351
11/06/2021,54,341,424
12/06/2021,62,480,576
13/06/2021,26,390,431
14/06/2021,45,454,522
15/06/2021,51,499,578
16/06/2021,32,460,510
17/06/2021,85,540,671
18/06/2021,106,539,702
19/06/2021,54,355,437
20/06/2021,50,278,355
21/06/2021,78,365,485
22/06/2021,84,407,536
23/06/2021,62,541,636
24/06/2021,104,692,851
25/06/2021,63,403,500
26/06/2021,52,409,488
27/06/2021,35,315,368
28/06/2021,84,478,607
29/06/2021,95,499,644
30/06/2021,97,482,631
01/07/2021,60,514,605
02/07/2021,38,441,500
03/07/2021,26,300,340
04/07/2021,29,207,252
05/07/2021,28,216,259
06/07/2021,38,276,335
07/07/2021,37,223,280
08/07/2021,34,289,341
09/07/2021,45,357,426
10/07/2021,60,632,724
11/07/2021,34,326,379
12/07/2021,48,504,577
13/07/2021,67,527,630
14/07/2021,85,504,634
15/07/2021,95,437,583
16/07/2021,68,451,554
17/07/2021,43,403,468
18/07/2021,61,660,753
19/07/2021,49,664,739
20/07/2021,57,755,842
21/07/2021,57,658,746
22/07/2021,38,603,661
23/07/2021,46,294,365
24/07/2021,50,379,456
25/07/2021,35,495,549
26/07/2021,45,404,474
27/07/2021,24,265,302
28/07/2021,16,109,134
29/07/2021,12,126,144
30/07/2021,63,416,512
31/07/2021,50,456,533
01/08/2021,60,374,466
02/08/2021,38,336,395
03/08/2021,30,415,460
04/08/2021,52,534,613
05/08/2021,26,369,409
06/08/2021,23,219,255
07/08/2021,27,284,325
08/08/2021,16,160,186
09/08/2021,31,280,327
10/08/2021,46,305,375
11/08/2021,28,289,332
12/08/2021,27,264,305
13/08/2021,28,249,293
14/08/2021,24,226,262
15/08/2021,18,196,223
16/08/2021,105,624,785
17/08/2021,104,723,883
18/08/2021,68,475,580
19/08/2021,38,330,388
20/08/2021,54,359,442
21/08/2021,30,427,474
22/08/2021,84,543,671
23/08/2021,56,427,512
24/08/2021,49,415,490
25/08/2021,61,419,513
26/08/2021,70,402,509
27/08/2021,69,474,579
28/08/2021,47,415,488
29/08/2021,42,400,465
30/08/2021,44,322,390
31/08/2021,79,461,581
01/09/2021,72,454,565
02/09/2021,65,411,511
03/09/2021,46,484,555
04/09/2021,38,453,512
05/09/2021,30,530,576
06/09/2021,112,1017,1189
07/09/2021,232,1166,1521
08/09/2021,71,1062,1171
09/09/2021,24,367,404
10/09/2021,25,378,417
11/09/2021,18,293,320
12/09/2021,34,457,509
13/09/2021,71,486,594
14/09/2021,152,762,995
15/09/2021,135,686,892
16/09/2021,116,639,818
17/09/2021,32,467,517
18/09/2021,68,754,858
19/09/2021,69,772,877
20/09/2021,86,603,736
21/09/2021,143,868,1088
22/09/2021,60,653,744
23/09/2021,40,479,540
24/09/2021,31,389,436
25/09/2021,45,464,533
26/09/2021,34,413,465
27/09/2021,24,279,316
28/09/2021,31,373,420
29/09/2021,105,697,857
30/09/2021,33,358,409
01/10/2021,32,425,475
02/10/2021,35,438,491
03/10/2021,22,237,271
04/10/2021,29,373,417
05/10/2021,92,552,694
06/10/2021,184,880,1162
07/10/2021,56,552,638
08/10/2021,97,590,739
09/10/2021,116,841,1019
10/10/2021,130,746,946
11/10/2021,149,649,878
12/10/2021,133,350,555
15/10/2021,168,620,878
16/10/2021,345,1078,1607
17/10/2021,21,634,666
18/10/2021,62,696,791
19/10/2021,25,277,316
20/10/2021,24,346,382
21/10/2021,243,964,1337
22/10/2021,123,961,1150
23/10/2021,25,589,627
24/10/2021,17,365,391
25/10/2021,37,626,683
26/10/2021,26,426,466
27/10/2021,19,330,359
28/10/2021,29,496,541
29/10/2021,27,510,551
30/10/2021,26,510,550
31/10/2021,19,304,332
01/11/2021,39,517,577
02/11/2021,442,1261,1938
03/11/2021,750,1110,2260
04/11/2021,143,781,1001
05/11/2021,377,1255,1833
06/11/2021,24,416,453
07/11/2021,127,963,1158
08/11/2021,154,878,1114
09/11/2021,30,570,617
10/11/2021,63,739,836
11/11/2021,47,651,724
12/11/2021,29,491,536
13/11/2021,134,809,1015
14/11/2021,80,491,613
15/11/2021,233,963,1321
16/11/2021,399,1053,1666
17/11/2021,308,1212,1685
18/11/2021,94,860,1004
19/11/2021,171,940,1202
20/11/2021,264,1086,1491
21/11/2021,81,527,651
22/11/2021,270,787,1201
23/11/2021,654,1149,2152
24/11/2021,891,1260,2626
25/11/2021,291,1021,1468
26/11/2021,238,965,1329
27/11/2021,127,507,702
28/11/2021,105,657,819
29/11/2021,388,1176,1771
30/11/2021,85,660,790
01/12/2021,219,796,1132
02/12/2021,412,1160,1791
03/12/2021,422,1145,1792
04/12/2021,407,1153,1777
05/12/2021,178,664,938
06/12/2021,270,1073,1486
07/12/2021,88,842,976
08/12/2021,40,444,506
09/12/2021,69,738,844
10/12/2021,445,1074,1756
11/12/2021,120,976,1160
12/12/2021,21,418,451
13/12/2021,27,466,508
14/12/2021,52,637,717
15/12/2021,88,791,925
16/12/2021,101,817,972
17/12/2021,132,678,880
18/12/2021,133,708,912
19/12/2021,180,642,918
20/12/2021,83,629,756
21/12/2021,89,803,940
22/12/2021,237,1061,1424
23/12/2021,62,720,814
24/12/2021,97,816,965
25/12/2021,103,603,760
26/12/2021,608,782,1714
27/12/2021,27,528,569
28/12/2021,212,738,1063
29/12/2021,39,507,567
30/12/2021,19,236,265
31/12/2021,21,291,323
01/01/2022,22,284,317
02/01/2022,15,230,252
03/01/2022,16,340,364
04/01/2022,336,998,1513
05/01/2022,487,1395,2142
06/01/2022,166,884,1138
07/01/2022,143,773,992
08/01/2022,76,697,814
09/01/2022,81,786,911
10/01/2022,558,1292,2147
11/01/2022,127,749,944
12/01/2022,917,1473,2880
13/01/2022,734,1431,2557
14/01/2022,2174,1876,5210
15/01/2022,344,1056,1583
16/01/2022,200,965,1271
17/01/2022,934,1574,3006
18/01/2022,1816,1385,4170
19/01/2022,159,901,1145
20/01/2022,181,929,1206
21/01/2022,599,1575,2493
22/01/2022,160,895,1140
23/01/2022,22,376,409
24/01/2022,108,690,856
25/01/2022,227,842,1190
26/01/2022,227,916,1263
27/01/2022,146,986,1211
28/01/2022,160,1034,1279
29/01/2022,86,638,770
30/01/2022,80,687,809
31/01/2022,194,871,1168
01/02/2022,180,926,1201
02/02/2022,171,877,1138
03/02/2022,43,534,601
04/02/2022,143,727,946
05/02/2022,37,395,452
06/02/2022,96,463,611
07/02/2022,127,683,878
08/02/2022,26,336,376
09/02/2022,57,502,589
10/02/2022,342,1182,1707
11/02/2022,85,692,821
12/02/2022,27,402,443
13/02/2022,17,235,261
14/02/2022,93,638,780
15/02/2022,36,566,622
16/02/2022,35,287,340
17/02/2022,63,532,629
18/02/2022,32,291,339
19/02/2022,47,482,554
20/02/2022,19,217,246
21/02/2022,80,520,643
22/02/2022,52,606,686
23/02/2022,27,455,496
24/02/2022,116,635,812
25/02/2022,198,950,1253
26/02/2022,113,901,1074
27/02/2022,34,416,468
28/02/2022,32,555,604
01/03/2022,200,769,1075
02/03/2022,258,1214,1609
03/03/2022,358,991,1541
04/03/2022,146,774,998
05/03/2022,79,532,653
06/03/2022,59,364,454
07/03/2022,98,616,766
08/03/2022,85,703,833
09/03/2022,37,525,581
10/03/2022,64,656,754
11/03/2022,51,594,673
12/03/2022,26,335,375
13/03/2022,24,380,416
14/03/2022,28,306,348
15/03/2022,22,290,324
16/03/2022,234,703,1062
17/03/2022,133,796,999
18/03/2022,155,751,989
19/03/2022,93,606,749
20/03/2022,45,499,568
21/03/2022,246,1010,1388
22/03/2022,299,1101,1560
23/03/2022,297,684,1139
30/03/2022,47,234,307
31/03/2022,105,402,562
01/04/2022,114,468,643
02/04/2022,97,559,708
03/04/2022,174,596,862
04/04/2022,546,611,1447
05/04/2022,358,653,1202
06/04/2022,34,225,278
07/04/2022,329,584,1089
08/04/2022,127,578,773
09/04/2022,498,787,1551
10/04/2022,52,406,486
11/04/2022,136,930,1138
12/04/2022,132,644,846
13/04/2022,104,566,726
14/04/2022,343,835,1361
15/04/2022,329,1043,1547
16/04/2022,179,978,1252
17/04/2022,79,627,747
18/04/2022,225,758,1103
19/04/2022,110,690,858
20/04/2022,50,256,333
16/05/2022,27,121,162
17/05/2022,56,443,529
18/05/2022,39,356,416
19/05/2022,55,409,494
20/05/2022,74,428,542
21/05/2022,56,412,498
22/05/2022,32,326,375
23/05/2022,71,533,641
24/05/2022,126,550,743
25/05/2022,31,284,332
26/05/2022,41,273,336
27/05/2022,138,512,724
28/05/2022,66,352,454
29/05/2022,46,296,366
30/05/2022,32,375,425
31/05/2022,112,547,720
01/06/2022,275,754,1176
02/06/2022,61,632,725
03/06/2022,45,424,494
04/06/2022,53,269,349
05/06/2022,66,360,461
06/06/2022,214,508,835
07/06/2022,48,308,382
08/06/2022,92,398,539
09/06/2022,64,313,412
10/06/2022,28,178,220
11/06/2022,35,271,324
12/06/2022,67,394,497
13/06/2022,92,534,675
14/06/2022,32,317,366
15/06/2022,31,598,645
16/06/2022,55,635,720
17/06/2022,17,352,379
18/06/2022,65,409,508
19/06/2022,49,242,317
20/06/2022,69,375,481
21/06/2022,63,573,669
22/06/2022,56,544,629
23/06/2022,62,538,633
24/06/2022,24,225,261
25/06/2022,25,177,215
26/06/2022,21,163,196
27/06/2022,38,245,304
28/06/2022,29,240,285
29/06/2022,34,275,327
30/06/2022,40,283,345
01/07/2022,45,278,347
02/07/2022,33,236,287
03/07/2022,67,346,449
04/07/2022,103,502,661
05/07/2022,129,479,677
06/07/2022,192,519,814
07/07/2022,118,512,693
08/07/2022,91,591,730
09/07/2022,68,428,532
10/07/2022,29,318,362
11/07/2022,25,366,404
12/07/2022,27,460,502
13/07/2022,56,523,609
14/07/2022,97,519,668
15/07/2022,105,490,652
16/07/2022,45,353,422
17/07/2022,24,362,399
18/07/2022,55,801,885
19/07/2022,52,826,905
20/07/2022,35,293,347
21/07/2022,64,444,542
22/07/2022,51,440,518
23/07/2022,24,215,252
24/07/2022,23,114,149
25/07/2022,57,266,354
26/07/2022,59,369,460
27/07/2022,48,490,564
28/07/2022,34,402,454
29/07/2022,45,465,534
30/07/2022,30,284,330
31/07/2022,38,207,266
01/08/2022,50,310,387
02/08/2022,44,177,244
03/08/2022,13,53,73
15/08/2022,17,445,471
16/08/2022,42,676,741
17/08/2022,118,1005,1186
18/08/2022,49,424,499
19/08/2022,79,437,558
20/08/2022,32,304,352
21/08/2022,29,313,357
22/08/2022,30,387,434
23/08/2022,47,303,374
24/08/2022,38,394,452
25/08/2022,223,800,1141
26/08/2022,85,860,991
27/08/2022,77,801,919
28/08/2022,46,525,596
29/08/2022,54,512,595
30/08/2022,88,586,721
31/08/2022,83,557,684
01/09/2022,72,683,793
02/09/2022,89,1027,1164
03/09/2022,22,581,614
04/09/2022,18,414,441
05/09/2022,45,655,725
06/09/2022,31,496,543
07/09/2022,32,424,474
08/09/2022,42,549,613
09/09/2022,77,687,806
10/09/2022,160,853,1099
11/09/2022,40,547,609
12/09/2022,43,674,741
13/09/2022,129,671,868
14/09/2022,155,767,1005
15/09/2022,136,759,967
16/09/2022,119,657,840
17/09/2022,105,686,847
18/09/2022,88,606,741
19/09/2022,39,418,478
20/09/2022,101,905,1059
21/09/2022,390,1046,1644
22/09/2022,65,608,708
23/09/2022,117,681,861
24/09/2022,119,511,694
25/09/2022,63,489,585
26/09/2022,141,575,791
27/09/2022,134,850,1055
28/09/2022,288,977,1419
29/09/2022,251,1037,1421
30/09/2022,176,673,943
01/10/2022,34,341,393
02/10/2022,76,623,739
03/10/2022,648,832,1826
04/10/2022,22,340,374
05/10/2022,17,276,303
06/10/2022,36,372,426
07/10/2022,28,361,403
08/10/2022,79,595,717
09/10/2022,55,574,659
10/10/2022,146,802,1026
11/10/2022,305,995,1463
12/10/2022,129,711,909
13/10/2022,177,847,1119
14/10/2022,188,715,1003
15/10/2022,23,364,399
16/10/2022,22,310,343
17/10/2022,25,396,434
18/10/2022,455,973,1670
19/10/2022,135,839,1047
20/10/2022,200,886,1192
21/10/2022,106,590,752
22/10/2022,23,377,412
23/10/2022,47,526,598
24/10/2022,17,251,276
25/10/2022,31,432,479
26/10/2022,25,409,447
27/10/2022,61,603,696
28/10/2022,34,518,570
29/10/2022,86,636,768
30/10/2022,16,332,357
31/10/2022,61,563,656
01/11/2022,16,245,270
02/11/2022,27,305,346
03/11/2022,102,734,890
04/11/2022,299,1010,1469
05/11/2022,37,532,589
06/11/2022,15,311,334
07/11/2022,15,310,333
08/11/2022,18,318,345
09/11/2022,26,387,427
10/11/2022,23,411,447
11/11/2022,25,395,434
12/11/2022,129,726,924
13/11/2022,466,797,1511
14/11/2022,697,815,1884
15/11/2022,41,516,579
16/11/2022,60,664,756
17/11/2022,81,628,752
18/11/2022,233,860,1217
19/11/2022,182,898,1177
20/11/2022,192,920,1215
21/11/2022,113,709,882
22/11/2022,201,882,1191
23/11/2022,48,609,682
24/11/2022,35,511,564
25/11/2022,73,666,778
26/11/2022,32,473,522
27/11/2022,33,500,550
28/11/2022,201,940,1248
29/11/2022,153,653,888
30/11/2022,156,871,1110
01/12/2022,266,904,1311
02/12/2022,262,678,1080
03/12/2022,114,474,650
04/12/2022,150,462,693
05/12/2022,252,692,1078
06/12/2022,228,853,1203
07/12/2022,369,1094,1659
08/12/2022,638,1476,2455
09/12/2022,609,1314,2248
10/12/2022,394,1232,1835
11/12/2022,1532,1368,3717
12/12/2022,170,863,1123
13/12/2022,651,1436,2433
14/12/2022,321,1078,1571
15/12/2022,365,1145,1705
16/12/2022,1427,1654,3843
17/12/2022,549,1458,2300
18/12/2022,91,734,873
19/12/2022,23,323,358
20/12/2022,45,644,712
21/12/2022,36,669,723
22/12/2022,83,785,913
23/12/2022,70,623,730
24/12/2022,28,473,517
25/12/2022,14,286,307
26/12/2022,51,468,547
27/12/2022,23,364,399
28/12/2022,16,243,266
29/12/2022,27,321,362
30/12/2022,23,349,384
31/12/2022,15,213,236
